Koppelmethode;Koppel-ID;Bron;Bronlaag;Bronveld;Bronwaarde;LGB-code_binnendijks;LGB-code_buitendijks;LGB_beschrijving;Toelichting;Documentatie
functie;BAG-001;BAG;pand + verblijfsobject;gebruiksdoel;woonfunctie;1;129;Woning met enkel begane grond;"Gebouwregels; Notitie p. 3–5, tabel 1";
functie;BAG-002;BAG;pand + verblijfsobject;gebruiksdoel;woonfunctie;2;130;Woning met begane grond en eerste verdieping;"Gebouwregels; Notitie p. 3–5, tabel 1";
functie;BAG-003;BAG;pand + verblijfsobject;gebruiksdoel;woonfunctie;3;131;Woning met meer dan 2 verdiepingen;"Gebouwregels; Notitie p. 3–5, tabel 1";
functie;BAG-004;BAG;pand + verblijfsobject;gebruiksdoel;bijeenkomstfunctie;5;133;Bijeenkomstfunctie met enkel begane grond;"Gebouwregels; Notitie p. 3–5, tabel 1";
functie;BAG-005;BAG;pand + verblijfsobject;gebruiksdoel;bijeenkomstfunctie;6;134;Bijeenkomstfunctie met begane grond en eerste verdieping;"Gebouwregels; Notitie p. 3–5, tabel 1";
functie;BAG-006;BAG;pand + verblijfsobject;gebruiksdoel;bijeenkomstfunctie;7;135;Bijeenkomstfunctie met meer dan 2 verdiepingen;"Gebouwregels; Notitie p. 3–5, tabel 1";
functie;BAG-007;BAG;pand + verblijfsobject;gebruiksdoel;celfunctie;8;136;Cel-functie met enkel begane grond;"Gebouwregels; Notitie p. 3–5, tabel 1";
functie;BAG-008;BAG;pand + verblijfsobject;gebruiksdoel;celfunctie;9;137;Cel-functie met begane grond en eerste verdieping;"Gebouwregels; Notitie p. 3–5, tabel 1";
functie;BAG-009;BAG;pand + verblijfsobject;gebruiksdoel;celfunctie;10;138;Cel-functie met meer dan 2 verdiepingen;"Gebouwregels; Notitie p. 3–5, tabel 1";
functie;BAG-010;BAG;pand + verblijfsobject;gebruiksdoel;gezondheidszorgfunctie;11;139;Gezondheidszorgfunctie met enkel begane grond;"Gebouwregels; Notitie p. 3–5, tabel 1";
functie;BAG-011;BAG;pand + verblijfsobject;gebruiksdoel;gezondheidszorgfunctie;12;140;Gezondheidszorgfunctie met begane grond en eerste verdieping;"Gebouwregels; Notitie p. 3–5, tabel 1";
functie;BAG-012;BAG;pand + verblijfsobject;gebruiksdoel;gezondheidszorgfunctie;13;141;Gezondheidszorgfunctie met meer dan 2 verdiepingen;"Gebouwregels; Notitie p. 3–5, tabel 1";
functie;BAG-013;BAG;pand + verblijfsobject;gebruiksdoel;industriefunctie;14;142;Industriefunctie met enkel begane grond;"Gebouwregels; Notitie p. 3–5, tabel 1";
functie;BAG-014;BAG;pand + verblijfsobject;gebruiksdoel;industriefunctie;15;143;Industriefunctie met begane grond en eerste verdieping;"Gebouwregels; Notitie p. 3–5, tabel 1";
functie;BAG-015;BAG;pand + verblijfsobject;gebruiksdoel;industriefunctie;16;144;Industriefunctie met meer dan 2 verdiepingen;"Gebouwregels; Notitie p. 3–5, tabel 1";
functie;BAG-016;BAG;pand + verblijfsobject;gebruiksdoel;kantoorfunctie;17;145;Kantoorfunctie met enkel begane grond;"Gebouwregels; Notitie p. 3–5, tabel 1";
functie;BAG-017;BAG;pand + verblijfsobject;gebruiksdoel;kantoorfunctie;18;146;Kantoorfunctie met begane grond en eerste verdieping;"Gebouwregels; Notitie p. 3–5, tabel 1";
functie;BAG-018;BAG;pand + verblijfsobject;gebruiksdoel;kantoorfunctie;19;147;Kantoorfunctie met meer dan 2 verdiepingen;"Gebouwregels; Notitie p. 3–5, tabel 1";
functie;BAG-019;BAG;pand + verblijfsobject;gebruiksdoel;logiesfunctie;20;148;Logiesfunctie met enkel begane grond;"Gebouwregels; Notitie p. 3–5, tabel 1";
functie;BAG-020;BAG;pand + verblijfsobject;gebruiksdoel;logiesfunctie;21;149;Logiesfunctie met begane grond en eerste verdieping;"Gebouwregels; Notitie p. 3–5, tabel 1";
functie;BAG-021;BAG;pand + verblijfsobject;gebruiksdoel;logiesfunctie;22;150;Logiesfunctie met meer dan 2 verdiepingen;"Gebouwregels; Notitie p. 3–5, tabel 1";
functie;BAG-022;BAG;pand + verblijfsobject;gebruiksdoel;onderwijsfunctie;23;151;Onderwijsfunctie met enkel begane grond;"Gebouwregels; Notitie p. 3–5, tabel 1";
functie;BAG-023;BAG;pand + verblijfsobject;gebruiksdoel;onderwijsfunctie;24;152;Onderwijsfunctie met begane grond en eerste verdieping;"Gebouwregels; Notitie p. 3–5, tabel 1";
functie;BAG-024;BAG;pand + verblijfsobject;gebruiksdoel;onderwijsfunctie;25;153;Onderwijsfunctie met meer dan 2 verdiepingen;"Gebouwregels; Notitie p. 3–5, tabel 1";
functie;BAG-025;BAG;pand + verblijfsobject;gebruiksdoel;sportfunctie;26;154;Sportfunctie met enkel begane grond;"Gebouwregels; Notitie p. 3–5, tabel 1";
functie;BAG-026;BAG;pand + verblijfsobject;gebruiksdoel;sportfunctie;27;155;Sportfunctie met begane grond en eerste verdieping;"Gebouwregels; Notitie p. 3–5, tabel 1";
functie;BAG-027;BAG;pand + verblijfsobject;gebruiksdoel;sportfunctie;28;156;Sportfunctie met meer dan 2 verdiepingen;"Gebouwregels; Notitie p. 3–5, tabel 1";
functie;BAG-028;BAG;pand + verblijfsobject;gebruiksdoel;winkelfunctie;29;157;Winkelfunctie met enkel begane grond;"Gebouwregels; Notitie p. 3–5, tabel 1";
functie;BAG-029;BAG;pand + verblijfsobject;gebruiksdoel;winkelfunctie;30;158;Winkelfunctie met begane grond en eerste verdieping;"Gebouwregels; Notitie p. 3–5, tabel 1";
functie;BAG-030;BAG;pand + verblijfsobject;gebruiksdoel;winkelfunctie;31;159;Winkelfunctie met meer dan 2 verdiepingen;"Gebouwregels; Notitie p. 3–5, tabel 1";
functie;BAG-031;BAG;pand + verblijfsobject;gebruiksdoel;woonfunctie;4;132;Appartementencomplex;"Gebouwregels; Notitie p. 3–4";
functie;BAG-032;BAG;pand + verblijfsobject;gebruiksdoel;overige gebruiksfunctie;32;160;Overige gebruiksfunctie > 100 m²;"Gebouwregels; Notitie p. 3–4, 8";
functie;BAG-033;BAG;pand + verblijfsobject;gebruiksdoel;overige gebruiksfunctie;33;161;Overige gebruiksfunctie ≤ 100 m²;"Gebouwregels; Notitie p. 3–4, 8";
functie;BAG-034;BAG;pand + verblijfsobject;gebruiksdoel;NULL;34;162;NULL (geen gebruiksdoel ingevuld);"Gebouwregels; Geen gebruiksdoel ingevuld; Notitie p. 3–4, 8";
functie;TOP10NL-BAG-001;TOP10NL + BAG;top10nl_gebouw_vlak + pand;typegebouw;kas, warenhuis;35;163;Kassen;"Selecteer kas/warenhuis uit TOP10NL en koppel aan BAG-panden; gebruik de BAG-geometrie.; kas/warenhuis volgens notitie; Notitie p. 3, 6";
mapping;;TOP10NL;top10nl_functioneel_gebied_vlak;typefunctioneelgebied;attractiepark;77;205;Sport, recreatie, begraafplaatsen;Notitie p. 10, tabel 6;
mapping;;TOP10NL;top10nl_functioneel_gebied_vlak;typefunctioneelgebied;begraafplaats;77;205;Sport, recreatie, begraafplaatsen;Notitie p. 10, tabel 6;
mapping;;TOP10NL;top10nl_functioneel_gebied_vlak;typefunctioneelgebied;botanische tuin;77;205;Sport, recreatie, begraafplaatsen;Notitie p. 10, tabel 6;
mapping;;TOP10NL;top10nl_functioneel_gebied_vlak;typefunctioneelgebied;bungalowpark;77;205;Sport, recreatie, begraafplaatsen;Notitie p. 10, tabel 6;
mapping;;TOP10NL;top10nl_functioneel_gebied_vlak;typefunctioneelgebied;camping, kampeerterrein;77;205;Sport, recreatie, begraafplaatsen;"camping + kampeerterrein; Notitie p. 10, tabel 6";
mapping;;TOP10NL;top10nl_functioneel_gebied_vlak;typefunctioneelgebied;caravanpark;77;205;Sport, recreatie, begraafplaatsen;Notitie p. 10, tabel 6;
mapping;;TOP10NL;top10nl_functioneel_gebied_vlak;typefunctioneelgebied;circuit;77;205;Sport, recreatie, begraafplaatsen;Notitie p. 10, tabel 6;
mapping;;TOP10NL;top10nl_functioneel_gebied_vlak;typefunctioneelgebied;crossbaan;77;205;Sport, recreatie, begraafplaatsen;Notitie p. 10, tabel 6;
mapping;;TOP10NL;top10nl_functioneel_gebied_vlak;typefunctioneelgebied;dierentuin, safaripark;77;205;Sport, recreatie, begraafplaatsen;"dierentuin + safaripark; Notitie p. 10, tabel 6";
mapping;;TOP10NL;top10nl_functioneel_gebied_vlak;typefunctioneelgebied;erebegraafplaats;77;205;Sport, recreatie, begraafplaatsen;Notitie p. 10, tabel 6;
mapping;;TOP10NL;top10nl_functioneel_gebied_vlak;typefunctioneelgebied;golfterrein;77;205;Sport, recreatie, begraafplaatsen;Notitie p. 10, tabel 6;
mapping;;TOP10NL;top10nl_functioneel_gebied_vlak;typefunctioneelgebied;grafheuvel;77;205;Sport, recreatie, begraafplaatsen;Notitie p. 10, tabel 6;
mapping;;TOP10NL;top10nl_functioneel_gebied_vlak;typefunctioneelgebied;ijsbaan;77;205;Sport, recreatie, begraafplaatsen;Notitie p. 10, tabel 6;
mapping;;TOP10NL;top10nl_functioneel_gebied_vlak;typefunctioneelgebied;kartingbaan;77;205;Sport, recreatie, begraafplaatsen;Notitie p. 10, tabel 6;
mapping;;TOP10NL;top10nl_functioneel_gebied_vlak;typefunctioneelgebied;openluchttheater;77;205;Sport, recreatie, begraafplaatsen;Notitie p. 10, tabel 6;
mapping;;TOP10NL;top10nl_functioneel_gebied_vlak;typefunctioneelgebied;recreatiegebied;77;205;Sport, recreatie, begraafplaatsen;Notitie p. 10, tabel 6;
mapping;;TOP10NL;top10nl_functioneel_gebied_vlak;typefunctioneelgebied;skibaan;77;205;Sport, recreatie, begraafplaatsen;Notitie p. 10, tabel 6;
mapping;;TOP10NL;top10nl_functioneel_gebied_vlak;typefunctioneelgebied;slipschool;77;205;Sport, recreatie, begraafplaatsen;Notitie p. 10, tabel 6;
mapping;;TOP10NL;top10nl_functioneel_gebied_vlak;typefunctioneelgebied;sportterrein, sportcomplex;77;205;Sport, recreatie, begraafplaatsen;"sportterrein + sportcomplex; Notitie p. 10, tabel 6";
mapping;;TOP10NL;top10nl_functioneel_gebied_vlak;typefunctioneelgebied;tennispark;77;205;Sport, recreatie, begraafplaatsen;Notitie p. 10, tabel 6;
mapping;;TOP10NL;top10nl_functioneel_gebied_vlak;typefunctioneelgebied;vakantiepark;77;205;Sport, recreatie, begraafplaatsen;Notitie p. 10, tabel 6;
mapping;;TOP10NL;top10nl_functioneel_gebied_vlak;typefunctioneelgebied;volkstuinen;77;205;Sport, recreatie, begraafplaatsen;Notitie p. 10, tabel 6;
functie;TOP10NL-NGR-BAG-001;TOP10NL + NGR + BAG;top10nl_functioneel_gebied_vlak + NGR RWZI + pand;typefunctioneelgebied;zuiveringsinstallatie;36;164;Gebouwen op rioolwaterzuivering (RWZI);"Selecteer BAG-gebouwen op een actieve rioolwaterzuiveringsinstallatie.; Notitie p. 3, 6–7";
mapping;;TOP10NL;top10nl_functioneel_gebied_multivlak;typefunctioneelgebied;attractiepark;77;205;Sport, recreatie, begraafplaatsen;Notitie p. 10, tabel 6;
mapping;;TOP10NL;top10nl_functioneel_gebied_multivlak;typefunctioneelgebied;begraafplaats;77;205;Sport, recreatie, begraafplaatsen;Notitie p. 10, tabel 6;
mapping;;TOP10NL;top10nl_functioneel_gebied_multivlak;typefunctioneelgebied;botanische tuin;77;205;Sport, recreatie, begraafplaatsen;Notitie p. 10, tabel 6;
mapping;;TOP10NL;top10nl_functioneel_gebied_multivlak;typefunctioneelgebied;bungalowpark;77;205;Sport, recreatie, begraafplaatsen;Notitie p. 10, tabel 6;
mapping;;TOP10NL;top10nl_functioneel_gebied_multivlak;typefunctioneelgebied;camping, kampeerterrein;77;205;Sport, recreatie, begraafplaatsen;"camping + kampeerterrein; Notitie p. 10, tabel 6";
mapping;;TOP10NL;top10nl_functioneel_gebied_multivlak;typefunctioneelgebied;caravanpark;77;205;Sport, recreatie, begraafplaatsen;Notitie p. 10, tabel 6;
mapping;;TOP10NL;top10nl_functioneel_gebied_multivlak;typefunctioneelgebied;circuit;77;205;Sport, recreatie, begraafplaatsen;Notitie p. 10, tabel 6;
mapping;;TOP10NL;top10nl_functioneel_gebied_multivlak;typefunctioneelgebied;crossbaan;77;205;Sport, recreatie, begraafplaatsen;Notitie p. 10, tabel 6;
mapping;;TOP10NL;top10nl_functioneel_gebied_multivlak;typefunctioneelgebied;dierentuin, safaripark;77;205;Sport, recreatie, begraafplaatsen;"dierentuin + safaripark; Notitie p. 10, tabel 6";
mapping;;TOP10NL;top10nl_functioneel_gebied_multivlak;typefunctioneelgebied;erebegraafplaats;77;205;Sport, recreatie, begraafplaatsen;Notitie p. 10, tabel 6;
mapping;;TOP10NL;top10nl_functioneel_gebied_multivlak;typefunctioneelgebied;golfterrein;77;205;Sport, recreatie, begraafplaatsen;Notitie p. 10, tabel 6;
mapping;;TOP10NL;top10nl_functioneel_gebied_multivlak;typefunctioneelgebied;grafheuvel;77;205;Sport, recreatie, begraafplaatsen;Notitie p. 10, tabel 6;
mapping;;TOP10NL;top10nl_functioneel_gebied_multivlak;typefunctioneelgebied;ijsbaan;77;205;Sport, recreatie, begraafplaatsen;Notitie p. 10, tabel 6;
mapping;;TOP10NL;top10nl_functioneel_gebied_multivlak;typefunctioneelgebied;kartingbaan;77;205;Sport, recreatie, begraafplaatsen;Notitie p. 10, tabel 6;
mapping;;TOP10NL;top10nl_functioneel_gebied_multivlak;typefunctioneelgebied;openluchttheater;77;205;Sport, recreatie, begraafplaatsen;Notitie p. 10, tabel 6;
mapping;;TOP10NL;top10nl_functioneel_gebied_multivlak;typefunctioneelgebied;recreatiegebied;77;205;Sport, recreatie, begraafplaatsen;Notitie p. 10, tabel 6;
mapping;;TOP10NL;top10nl_functioneel_gebied_multivlak;typefunctioneelgebied;skibaan;77;205;Sport, recreatie, begraafplaatsen;Notitie p. 10, tabel 6;
mapping;;TOP10NL;top10nl_functioneel_gebied_multivlak;typefunctioneelgebied;slipschool;77;205;Sport, recreatie, begraafplaatsen;Notitie p. 10, tabel 6;
mapping;;TOP10NL;top10nl_functioneel_gebied_multivlak;typefunctioneelgebied;sportterrein, sportcomplex;77;205;Sport, recreatie, begraafplaatsen;"sportterrein + sportcomplex; Notitie p. 10, tabel 6";
mapping;;TOP10NL;top10nl_functioneel_gebied_multivlak;typefunctioneelgebied;tennispark;77;205;Sport, recreatie, begraafplaatsen;Notitie p. 10, tabel 6;
mapping;;TOP10NL;top10nl_functioneel_gebied_multivlak;typefunctioneelgebied;vakantiepark;77;205;Sport, recreatie, begraafplaatsen;Notitie p. 10, tabel 6;
mapping;;TOP10NL;top10nl_functioneel_gebied_multivlak;typefunctioneelgebied;volkstuinen;77;205;Sport, recreatie, begraafplaatsen;Notitie p. 10, tabel 6;
functie;TOP10NL-NGR-BAG-002;TOP10NL + NGR + BAG;top10nl_functioneel_gebied_multivlak + NGR RWZI + pand;typefunctioneelgebied;zuiveringsinstallatie;36;164;Gebouwen op rioolwaterzuivering (RWZI);"Selecteer BAG-gebouwen op een actieve rioolwaterzuiveringsinstallatie.; Notitie p. 3, 6–7";
functie;TOP10NL-BAG-002;TOP10NL + BAG;Drinkwaterproductieterrein + pand (precieze laag nog kiezen);Nog vast te stellen;Nog vast te stellen;37;165;Gebouwen op drinkwaterproductieterrein;"Selecteer gebouwen voor drinkwaterproductie; bronselectie nog vastleggen.; Gebouwen op drinkwaterproductielocatie; Notitie p. 3, 7";
functie;NGR-001;NGR;Gemalenbestand (dataset nog vastleggen);Capaciteitsveld nog vaststellen;10 tot 20 m³/min;38;166;Gemalen (10 tot 20 m³/min);"Indeling in zes capaciteitsklassen vanaf 10 m³/min, volgens tabel 3.; Pompcapaciteit; Notitie p. 4, 7, tabel 3";
functie;NGR-002;NGR;Gemalenbestand (dataset nog vastleggen);Capaciteitsveld nog vaststellen;20 tot 50 m³/min;39;167;Gemalen (20 tot 50 m³/min);"Indeling in zes capaciteitsklassen vanaf 10 m³/min, volgens tabel 3.; Pompcapaciteit; Notitie p. 4, 7, tabel 3";
functie;NGR-003;NGR;Gemalenbestand (dataset nog vastleggen);Capaciteitsveld nog vaststellen;50 tot 100 m³/min;40;168;Gemalen (50 tot 100 m³/min);"Indeling in zes capaciteitsklassen vanaf 10 m³/min, volgens tabel 3.; Pompcapaciteit; Notitie p. 4, 7, tabel 3";
functie;NGR-004;NGR;Gemalenbestand (dataset nog vastleggen);Capaciteitsveld nog vaststellen;100 tot 400 m³/min;41;169;Gemalen (100 tot 400 m³/min);"Indeling in zes capaciteitsklassen vanaf 10 m³/min, volgens tabel 3.; Pompcapaciteit; Notitie p. 4, 7, tabel 3";
functie;NGR-005;NGR;Gemalenbestand (dataset nog vastleggen);Capaciteitsveld nog vaststellen;400 tot 1000 m³/min;42;170;Gemalen (400 tot 1000 m³/min);"Indeling in zes capaciteitsklassen vanaf 10 m³/min, volgens tabel 3.; Pompcapaciteit; Notitie p. 4, 7, tabel 3";
functie;NGR-006;NGR;Gemalenbestand (dataset nog vastleggen);Capaciteitsveld nog vaststellen;>1000 m³/min;43;171;Gemalen (> 1000 m³/min);"Indeling in zes capaciteitsklassen vanaf 10 m³/min, volgens tabel 3.; Pompcapaciteit; Notitie p. 4, 7, tabel 3";
mapping;;BRP;brp_gewas;gewascode;174;53;181;Overige land- en tuinbouwgewassen;"Overige gewassen volgens de notitie.; Bloemzaden open grond; Notitie p. 9, tabel 5";
mapping;;BRP;brp_gewas;gewascode;241;53;181;Overige land- en tuinbouwgewassen;"Overige gewassen volgens de notitie.; Kapucijners (en grauwe erwten); Notitie p. 9, tabel 5";
mapping;;BRP;brp_gewas;gewascode;242;53;181;Overige land- en tuinbouwgewassen;"Overige gewassen volgens de notitie.; Bonen, bruine-; Notitie p. 9, tabel 5";
mapping;;BRP;brp_gewas;gewascode;244;53;181;Overige land- en tuinbouwgewassen;"Overige gewassen volgens de notitie.; Erwten, groene/gele (groen te oogsten); Notitie p. 9, tabel 5";
mapping;;BRP;brp_gewas;gewascode;246;53;181;Overige land- en tuinbouwgewassen;"Overige gewassen volgens de notitie.; Karwijzaad; Notitie p. 9, tabel 5";
mapping;;BRP;brp_gewas;gewascode;247;53;181;Overige land- en tuinbouwgewassen;"Overige gewassen volgens de notitie.; Blauwmaanzaad; Notitie p. 9, tabel 5";
mapping;;BRP;brp_gewas;gewascode;258;53;181;Overige land- en tuinbouwgewassen;"Overige gewassen volgens de notitie.; Luzerne; Notitie p. 9, tabel 5";
mapping;;BRP;brp_gewas;gewascode;308;53;181;Overige land- en tuinbouwgewassen;"Overige gewassen volgens de notitie.; Erwten (droog te oogsten); Notitie p. 9, tabel 5";
mapping;;BRP;brp_gewas;gewascode;311;53;181;Overige land- en tuinbouwgewassen;"Overige gewassen volgens de notitie.; Bonen, veld- (onder andere duiven-, paarden-, wierbonen); Notitie p. 9, tabel 5";
mapping;;BRP;brp_gewas;gewascode;346;53;181;Overige land- en tuinbouwgewassen;"Overige gewassen volgens de notitie.; Tagetes erecta (Afrikaantje); Notitie p. 9, tabel 5";
mapping;;BRP;brp_gewas;gewascode;347;53;181;Overige land- en tuinbouwgewassen;"Overige gewassen volgens de notitie.; Tagetes patula (Afrikaantje); Notitie p. 9, tabel 5";
mapping;;BRP;brp_gewas;gewascode;428;53;181;Overige land- en tuinbouwgewassen;"Overige gewassen volgens de notitie.; Gele mosterd; Notitie p. 9, tabel 5";
mapping;;BRP;brp_gewas;gewascode;511;53;181;Overige land- en tuinbouwgewassen;"Overige gewassen volgens de notitie.; Cichorei; Notitie p. 9, tabel 5";
mapping;;BRP;brp_gewas;gewascode;515;53;181;Overige land- en tuinbouwgewassen;"Overige gewassen volgens de notitie.; Zonnebloemen; Notitie p. 9, tabel 5";
mapping;;BRP;brp_gewas;gewascode;636;53;181;Overige land- en tuinbouwgewassen;"Overige gewassen volgens de notitie.; Saffloer; Notitie p. 9, tabel 5";
mapping;;BRP;brp_gewas;gewascode;637;53;181;Overige land- en tuinbouwgewassen;"Overige gewassen volgens de notitie.; Vrouwenmantel; Notitie p. 9, tabel 5";
mapping;;BRP;brp_gewas;gewascode;654;53;181;Overige land- en tuinbouwgewassen;"Overige gewassen volgens de notitie.; Brandnetel; Notitie p. 9, tabel 5";
mapping;;BRP;brp_gewas;gewascode;655;53;181;Overige land- en tuinbouwgewassen;"Overige gewassen volgens de notitie.; Zwarte mosterd; Notitie p. 9, tabel 5";
mapping;;BRP;brp_gewas;gewascode;656;53;181;Overige land- en tuinbouwgewassen;"Overige gewassen volgens de notitie.; Zonnekroon; Notitie p. 9, tabel 5";
mapping;;BRP;brp_gewas;gewascode;657;53;181;Overige land- en tuinbouwgewassen;"Overige gewassen volgens de notitie.; Drachtplanten; Notitie p. 9, tabel 5";
mapping;;BRP;brp_gewas;gewascode;662;53;181;Overige land- en tuinbouwgewassen;"Overige gewassen volgens de notitie.; Bos (SBL-regeling); Notitie p. 9, tabel 5";
mapping;;BRP;brp_gewas;gewascode;663;53;181;Overige land- en tuinbouwgewassen;"Overige gewassen volgens de notitie.; Lupinen, niet bittere; Notitie p. 9, tabel 5";
mapping;;BRP;brp_gewas;gewascode;665;53;181;Overige land- en tuinbouwgewassen;"Overige gewassen volgens de notitie.; Sojabonen; Notitie p. 9, tabel 5";
mapping;;BRP;brp_gewas;gewascode;666;53;181;Overige land- en tuinbouwgewassen;"Overige gewassen volgens de notitie.; Vlas, olie-. Lijnzaad niet van vezelvlas; Notitie p. 9, tabel 5";
mapping;;BRP;brp_gewas;gewascode;670;53;181;Overige land- en tuinbouwgewassen;"Overige gewassen volgens de notitie.; Japanse haver; Notitie p. 9, tabel 5";
mapping;;BRP;brp_gewas;gewascode;671;53;181;Overige land- en tuinbouwgewassen;"Overige gewassen volgens de notitie.; Raketblad (aaltjesvanggewas); Notitie p. 9, tabel 5";
mapping;;BRP;brp_gewas;gewascode;794;53;181;Overige land- en tuinbouwgewassen;"Overige gewassen volgens de notitie.; Woudbomen met korte omlooptijd (excl. Wilgenhakhout); Notitie p. 9, tabel 5";
mapping;;BRP;brp_gewas;gewascode;795;53;181;Overige land- en tuinbouwgewassen;"Overige gewassen volgens de notitie.; Wilgenhakhout; Notitie p. 9, tabel 5";
mapping;;BRP;brp_gewas;gewascode;796;53;181;Overige land- en tuinbouwgewassen;"Overige gewassen volgens de notitie.; Kerstbomen; Notitie p. 9, tabel 5";
mapping;;BRP;brp_gewas;gewascode;800;53;181;Overige land- en tuinbouwgewassen;"Overige gewassen volgens de notitie.; Rolklaver; Notitie p. 9, tabel 5";
mapping;;BRP;brp_gewas;gewascode;802;53;181;Overige land- en tuinbouwgewassen;"Overige gewassen volgens de notitie.; Wikke, bonte; Notitie p. 9, tabel 5";
mapping;;BRP;brp_gewas;gewascode;803;53;181;Overige land- en tuinbouwgewassen;"Overige gewassen volgens de notitie.; Wikke, voeder-; Notitie p. 9, tabel 5";
mapping;;BRP;brp_gewas;gewascode;853;53;181;Overige land- en tuinbouwgewassen;"Overige gewassen volgens de notitie.; Bonen, tuin- (droog te oogsten) (geen consumptie); Notitie p. 9, tabel 5";
mapping;;BRP;brp_gewas;gewascode;854;53;181;Overige land- en tuinbouwgewassen;"Overige gewassen volgens de notitie.; Bonen, tuin- (groen te oogsten); Notitie p. 9, tabel 5";
mapping;;BRP;brp_gewas;gewascode;964;53;181;Overige land- en tuinbouwgewassen;"Overige gewassen volgens de notitie.; Dahlia, overige bloemkwekerijgewassen; Notitie p. 9, tabel 5";
mapping;;BRP;brp_gewas;gewascode;965;53;181;Overige land- en tuinbouwgewassen;"Overige gewassen volgens de notitie.; Dahlia, droogbloemen; Notitie p. 9, tabel 5";
mapping;;BRP;brp_gewas;gewascode;967;53;181;Overige land- en tuinbouwgewassen;"Overige gewassen volgens de notitie.; Gladiool, overige bloemkwekerijgewassen; Notitie p. 9, tabel 5";
mapping;;BRP;brp_gewas;gewascode;970;53;181;Overige land- en tuinbouwgewassen;"Overige gewassen volgens de notitie.; Hyacint, overige bloemkwekerijgewassen; Notitie p. 9, tabel 5";
mapping;;BRP;brp_gewas;gewascode;973;53;181;Overige land- en tuinbouwgewassen;"Overige gewassen volgens de notitie.; Iris, overige bloemkwekerijgewassen; Notitie p. 9, tabel 5";
mapping;;BRP;brp_gewas;gewascode;979;53;181;Overige land- en tuinbouwgewassen;"Overige gewassen volgens de notitie.; Lelie, overige bloemkwekerijgewassen; Notitie p. 9, tabel 5";
mapping;;BRP;brp_gewas;gewascode;982;53;181;Overige land- en tuinbouwgewassen;"Overige gewassen volgens de notitie.; Narcis, overige bloemkwekerijgewassen; Notitie p. 9, tabel 5";
mapping;;BRP;brp_gewas;gewascode;983;53;181;Overige land- en tuinbouwgewassen;"Overige gewassen volgens de notitie.; Narcis, droogbloemen; Notitie p. 9, tabel 5";
mapping;;BRP;brp_gewas;gewascode;985;53;181;Overige land- en tuinbouwgewassen;"Overige gewassen volgens de notitie.; Tulp, overige bloemkwekerijgewassen; Notitie p. 9, tabel 5";
mapping;;BRP;brp_gewas;gewascode;986;53;181;Overige land- en tuinbouwgewassen;"Overige gewassen volgens de notitie.; Tulp, droogbloemen; Notitie p. 9, tabel 5";
mapping;;BRP;brp_gewas;gewascode;988;53;181;Overige land- en tuinbouwgewassen;"Overige gewassen volgens de notitie.; Zantedeschia, overige bloemkwekerijgewassen; Notitie p. 9, tabel 5";
mapping;;BRP;brp_gewas;gewascode;991;53;181;Overige land- en tuinbouwgewassen;"Overige gewassen volgens de notitie.; Overige bloemen, overige bloemkwekerijgewassen; Notitie p. 9, tabel 5";
mapping;;BRP;brp_gewas;gewascode;992;53;181;Overige land- en tuinbouwgewassen;"Overige gewassen volgens de notitie.; Overige bloemen, droogbloemen; Notitie p. 9, tabel 5";
mapping;;BRP;brp_gewas;gewascode;997;53;181;Overige land- en tuinbouwgewassen;"Overige gewassen volgens de notitie.; Dahlia, bloembollen en - knollen; Notitie p. 9, tabel 5";
mapping;;BRP;brp_gewas;gewascode;998;53;181;Overige land- en tuinbouwgewassen;"Overige gewassen volgens de notitie.; Gladiool, bloembollen en - knollen; Notitie p. 9, tabel 5";
mapping;;BRP;brp_gewas;gewascode;999;53;181;Overige land- en tuinbouwgewassen;"Overige gewassen volgens de notitie.; Hyacint, bloembollen en - knollen; Notitie p. 9, tabel 5";
mapping;;BRP;brp_gewas;gewascode;1001;53;181;Overige land- en tuinbouwgewassen;"Overige gewassen volgens de notitie.; Krokus, bloembollen en - knollen; Notitie p. 9, tabel 5";
mapping;;BRP;brp_gewas;gewascode;1002;53;181;Overige land- en tuinbouwgewassen;"Overige gewassen volgens de notitie.; Lelie, bloembollen en -knollen; Notitie p. 9, tabel 5";
mapping;;BRP;brp_gewas;gewascode;1003;53;181;Overige land- en tuinbouwgewassen;"Overige gewassen volgens de notitie.; Narcis, bloembollen en -knollen; Notitie p. 9, tabel 5";
mapping;;BRP;brp_gewas;gewascode;1004;53;181;Overige land- en tuinbouwgewassen;"Overige gewassen volgens de notitie.; Tulp, bloembollen en -knollen; Notitie p. 9, tabel 5";
mapping;;BRP;brp_gewas;gewascode;1005;53;181;Overige land- en tuinbouwgewassen;"Overige gewassen volgens de notitie.; Zantedeschia, bloembollen en -knollen; Notitie p. 9, tabel 5";
mapping;;BRP;brp_gewas;gewascode;1006;53;181;Overige land- en tuinbouwgewassen;"Overige gewassen volgens de notitie.; Overige bloemen, bloembollen en -knollen; Notitie p. 9, tabel 5";
mapping;;BRP;brp_gewas;gewascode;1007;53;181;Overige land- en tuinbouwgewassen;"Overige gewassen volgens de notitie.; Amaryllis, bloembollen en -knollen; Notitie p. 9, tabel 5";
mapping;;BRP;brp_gewas;gewascode;1010;53;181;Overige land- en tuinbouwgewassen;"Overige gewassen volgens de notitie.; Sierui, overige bloemkwekerijgewassen; Notitie p. 9, tabel 5";
mapping;;BRP;brp_gewas;gewascode;1012;53;181;Overige land- en tuinbouwgewassen;"Overige gewassen volgens de notitie.; Sierui, bloembollen en -knollen; Notitie p. 9, tabel 5";
mapping;;BRP;brp_gewas;gewascode;1013;53;181;Overige land- en tuinbouwgewassen;"Overige gewassen volgens de notitie.; Blauw druifje, overige bloemkwekerijgewassen; Notitie p. 9, tabel 5";
mapping;;BRP;brp_gewas;gewascode;1015;53;181;Overige land- en tuinbouwgewassen;"Overige gewassen volgens de notitie.; Blauw druifje, bloembollen en -knollen; Notitie p. 9, tabel 5";
mapping;;BRP;brp_gewas;gewascode;1019;53;181;Overige land- en tuinbouwgewassen;"Overige gewassen volgens de notitie.; Valeriaan, productie; Notitie p. 9, tabel 5";
mapping;;BRP;brp_gewas;gewascode;1020;53;181;Overige land- en tuinbouwgewassen;"Overige gewassen volgens de notitie.; Valeriaan, zaden en opkweekmateriaal; Notitie p. 9, tabel 5";
mapping;;BRP;brp_gewas;gewascode;1021;53;181;Overige land- en tuinbouwgewassen;"Overige gewassen volgens de notitie.; Knoflook; Notitie p. 9, tabel 5";
mapping;;BRP;brp_gewas;gewascode;1023;53;181;Overige land- en tuinbouwgewassen;"Overige gewassen volgens de notitie.; Pastinaak, productie; Notitie p. 9, tabel 5";
mapping;;BRP;brp_gewas;gewascode;1024;53;181;Overige land- en tuinbouwgewassen;"Overige gewassen volgens de notitie.; Pastinaak, zaden en opkweekmateriaal; Notitie p. 9, tabel 5";
mapping;;BRP;brp_gewas;gewascode;1025;53;181;Overige land- en tuinbouwgewassen;"Overige gewassen volgens de notitie.; Pioenroos, overige bloemkwekerijgewassen; Notitie p. 9, tabel 5";
mapping;;BRP;brp_gewas;gewascode;1026;53;181;Overige land- en tuinbouwgewassen;"Overige gewassen volgens de notitie.; Pioenroos, droogbloemen; Notitie p. 9, tabel 5";
mapping;;BRP;brp_gewas;gewascode;1028;53;181;Overige land- en tuinbouwgewassen;"Overige gewassen volgens de notitie.; Lavas (Maggiplant), productie; Notitie p. 9, tabel 5";
mapping;;BRP;brp_gewas;gewascode;1030;53;181;Overige land- en tuinbouwgewassen;"Overige gewassen volgens de notitie.; Wilde marjolein (Oregano), productie; Notitie p. 9, tabel 5";
mapping;;BRP;brp_gewas;gewascode;1032;53;181;Overige land- en tuinbouwgewassen;"Overige gewassen volgens de notitie.; Goudsbloem; Notitie p. 9, tabel 5";
mapping;;BRP;brp_gewas;gewascode;1033;53;181;Overige land- en tuinbouwgewassen;"Overige gewassen volgens de notitie.; Igniscum Candy; Notitie p. 9, tabel 5";
mapping;;BRP;brp_gewas;gewascode;1034;53;181;Overige land- en tuinbouwgewassen;"Overige gewassen volgens de notitie.; Kanariezaad; Notitie p. 9, tabel 5";
mapping;;BRP;brp_gewas;gewascode;1035;53;181;Overige land- en tuinbouwgewassen;"Overige gewassen volgens de notitie.; Naaldaar (Setaria); Notitie p. 9, tabel 5";
mapping;;BRP;brp_gewas;gewascode;1036;53;181;Overige land- en tuinbouwgewassen;"Overige gewassen volgens de notitie.; Wortelpeterselie; Notitie p. 9, tabel 5";
mapping;;BRP;brp_gewas;gewascode;1037;53;181;Overige land- en tuinbouwgewassen;"Overige gewassen volgens de notitie.; Peterselie, productie; Notitie p. 9, tabel 5";
mapping;;BRP;brp_gewas;gewascode;1038;53;181;Overige land- en tuinbouwgewassen;"Overige gewassen volgens de notitie.; Peterselie, zaden en opkweekmateriaal; Notitie p. 9, tabel 5";
mapping;;BRP;brp_gewas;gewascode;1039;53;181;Overige land- en tuinbouwgewassen;"Overige gewassen volgens de notitie.; Chrysant, overige bloemkwekerijgewassen; Notitie p. 9, tabel 5";
mapping;;BRP;brp_gewas;gewascode;1042;53;181;Overige land- en tuinbouwgewassen;"Overige gewassen volgens de notitie.; Angelica, productie; Notitie p. 9, tabel 5";
mapping;;BRP;brp_gewas;gewascode;1043;53;181;Overige land- en tuinbouwgewassen;"Overige gewassen volgens de notitie.; Angelica, zaden en opkweekmateriaal; Notitie p. 9, tabel 5";
mapping;;BRP;brp_gewas;gewascode;1044;53;181;Overige land- en tuinbouwgewassen;"Overige gewassen volgens de notitie.; Papaver (klaproos); Notitie p. 9, tabel 5";
mapping;;BRP;brp_gewas;gewascode;1045;53;181;Overige land- en tuinbouwgewassen;"Overige gewassen volgens de notitie.; Adonis; Notitie p. 9, tabel 5";
mapping;;BRP;brp_gewas;gewascode;1047;53;181;Overige land- en tuinbouwgewassen;"Overige gewassen volgens de notitie.; Cranberry; Notitie p. 9, tabel 5";
mapping;;BRP;brp_gewas;gewascode;1048;53;181;Overige land- en tuinbouwgewassen;"Overige gewassen volgens de notitie.; Echinacea (zonnehoed), productie; Notitie p. 9, tabel 5";
mapping;;BRP;brp_gewas;gewascode;1049;53;181;Overige land- en tuinbouwgewassen;"Overige gewassen volgens de notitie.; Echinacea (zonnehoed), zaden en opkweekmateriaal; Notitie p. 9, tabel 5";
mapping;;BRP;brp_gewas;gewascode;1050;53;181;Overige land- en tuinbouwgewassen;"Overige gewassen volgens de notitie.; Leeuwenbekjes; Notitie p. 9, tabel 5";
mapping;;BRP;brp_gewas;gewascode;1051;53;181;Overige land- en tuinbouwgewassen;"Overige gewassen volgens de notitie.; Iris, Bolvormend; Notitie p. 9, tabel 5";
mapping;;BRP;brp_gewas;gewascode;1052;53;181;Overige land- en tuinbouwgewassen;"Overige gewassen volgens de notitie.; Iris, Rhizoomvormend; Notitie p. 9, tabel 5";
mapping;;BRP;brp_gewas;gewascode;1053;53;181;Overige land- en tuinbouwgewassen;"Overige gewassen volgens de notitie.; Palmen, pot- en containervelden; Notitie p. 9, tabel 5";
mapping;;BRP;brp_gewas;gewascode;1054;53;181;Overige land- en tuinbouwgewassen;"Overige gewassen volgens de notitie.; Pioenroos, vermeerdering; Notitie p. 9, tabel 5";
mapping;;BRP;brp_gewas;gewascode;1067;53;181;Overige land- en tuinbouwgewassen;"Overige gewassen volgens de notitie.; Bos- en haagplanten, open grond; Notitie p. 9, tabel 5";
mapping;;BRP;brp_gewas;gewascode;1068;53;181;Overige land- en tuinbouwgewassen;"Overige gewassen volgens de notitie.; Buxus, open grond; Notitie p. 9, tabel 5";
mapping;;BRP;brp_gewas;gewascode;1069;53;181;Overige land- en tuinbouwgewassen;"Overige gewassen volgens de notitie.; Ericaceae (Zoals erica, calluna, rododendron, azalea), open grond; Notitie p. 9, tabel 5";
mapping;;BRP;brp_gewas;gewascode;1070;53;181;Overige land- en tuinbouwgewassen;"Overige gewassen volgens de notitie.; Laanbomen/parkbomen, onderstammen, open grond; Notitie p. 9, tabel 5";
mapping;;BRP;brp_gewas;gewascode;1071;53;181;Overige land- en tuinbouwgewassen;"Overige gewassen volgens de notitie.; Laanbomen/parkbomen, opzetters, open grond; Notitie p. 9, tabel 5";
mapping;;BRP;brp_gewas;gewascode;1072;53;181;Overige land- en tuinbouwgewassen;"Overige gewassen volgens de notitie.; Laanbomen/parkbomen, spillen, open grond; Notitie p. 9, tabel 5";
mapping;;BRP;brp_gewas;gewascode;1073;53;181;Overige land- en tuinbouwgewassen;"Overige gewassen volgens de notitie.; Rozenstruiken (incl, zaailingen en onderstammen), open grond; Notitie p. 9, tabel 5";
mapping;;BRP;brp_gewas;gewascode;1074;53;181;Overige land- en tuinbouwgewassen;"Overige gewassen volgens de notitie.; Sierconiferen, open grond; Notitie p. 9, tabel 5";
mapping;;BRP;brp_gewas;gewascode;1075;53;181;Overige land- en tuinbouwgewassen;"Overige gewassen volgens de notitie.; Sierheesters en klimplanten, open grond; Notitie p. 9, tabel 5";
mapping;;BRP;brp_gewas;gewascode;1076;53;181;Overige land- en tuinbouwgewassen;"Overige gewassen volgens de notitie.; Trek- en besheesters, open grond; Notitie p. 9, tabel 5";
mapping;;BRP;brp_gewas;gewascode;1077;53;181;Overige land- en tuinbouwgewassen;"Overige gewassen volgens de notitie.; Vruchtbomen, moerbomen, open grond; Notitie p. 9, tabel 5";
mapping;;BRP;brp_gewas;gewascode;1078;53;181;Overige land- en tuinbouwgewassen;"Overige gewassen volgens de notitie.; Vruchtbomen, onderstammen, open grond; Notitie p. 9, tabel 5";
mapping;;BRP;brp_gewas;gewascode;1079;53;181;Overige land- en tuinbouwgewassen;"Overige gewassen volgens de notitie.; Vruchtbomen, overig, open grond; Notitie p. 9, tabel 5";
mapping;;BRP;brp_gewas;gewascode;1080;53;181;Overige land- en tuinbouwgewassen;"Overige gewassen volgens de notitie.; Vaste planten, open grond; Notitie p. 9, tabel 5";
mapping;;BRP;brp_gewas;gewascode;1081;53;181;Overige land- en tuinbouwgewassen;"Overige gewassen volgens de notitie.; Bos- en haagplanten, pot- en containerveld; Notitie p. 9, tabel 5";
mapping;;BRP;brp_gewas;gewascode;1082;53;181;Overige land- en tuinbouwgewassen;"Overige gewassen volgens de notitie.; Buxus, pot- en containerveld; Notitie p. 9, tabel 5";
mapping;;BRP;brp_gewas;gewascode;1083;53;181;Overige land- en tuinbouwgewassen;"Overige gewassen volgens de notitie.; Ericaceae (Zoals erica, calluna, rododendron, azalea), pot- en containerveld; Notitie p. 9, tabel 5";
mapping;;BRP;brp_gewas;gewascode;1084;53;181;Overige land- en tuinbouwgewassen;"Overige gewassen volgens de notitie.; Laanbomen/parkbomen, onderstammen, pot- en containerveld; Notitie p. 9, tabel 5";
mapping;;BRP;brp_gewas;gewascode;1085;53;181;Overige land- en tuinbouwgewassen;"Overige gewassen volgens de notitie.; Laanbomen/parkbomen, opzetters, pot- en containerveld; Notitie p. 9, tabel 5";
mapping;;BRP;brp_gewas;gewascode;1086;53;181;Overige land- en tuinbouwgewassen;"Overige gewassen volgens de notitie.; Laanbomen/parkbomen, spillen, pot- en containerveld; Notitie p. 9, tabel 5";
mapping;;BRP;brp_gewas;gewascode;1087;53;181;Overige land- en tuinbouwgewassen;"Overige gewassen volgens de notitie.; Rozenstruiken (incl, zaailingen en onderstammen), pot- en containerveld; Notitie p. 9, tabel 5";
mapping;;BRP;brp_gewas;gewascode;1088;53;181;Overige land- en tuinbouwgewassen;"Overige gewassen volgens de notitie.; Sierconiferen, pot- en containerveld; Notitie p. 9, tabel 5";
mapping;;BRP;brp_gewas;gewascode;1089;53;181;Overige land- en tuinbouwgewassen;"Overige gewassen volgens de notitie.; Sierheesters en klimplanten, pot- en containerveld; Notitie p. 9, tabel 5";
mapping;;BRP;brp_gewas;gewascode;1090;53;181;Overige land- en tuinbouwgewassen;"Overige gewassen volgens de notitie.; Trek- en besheesters, pot- en containerveld; Notitie p. 9, tabel 5";
mapping;;BRP;brp_gewas;gewascode;1091;53;181;Overige land- en tuinbouwgewassen;"Overige gewassen volgens de notitie.; Vruchtbomen, moerbomen, pot- en containerveld; Notitie p. 9, tabel 5";
mapping;;BRP;brp_gewas;gewascode;1092;53;181;Overige land- en tuinbouwgewassen;"Overige gewassen volgens de notitie.; Vruchtbomen, onderstammen, pot- en containerveld; Notitie p. 9, tabel 5";
mapping;;BRP;brp_gewas;gewascode;1093;53;181;Overige land- en tuinbouwgewassen;"Overige gewassen volgens de notitie.; Vruchtbomen, overig, pot- en containerveld; Notitie p. 9, tabel 5";
mapping;;BRP;brp_gewas;gewascode;1094;53;181;Overige land- en tuinbouwgewassen;"Overige gewassen volgens de notitie.; Vaste planten, pot- en containerteelt; Notitie p. 9, tabel 5";
mapping;;BRP;brp_gewas;gewascode;1095;53;181;Overige land- en tuinbouwgewassen;"Overige gewassen volgens de notitie.; Appels. Aangeplant lopende seizoen.; Notitie p. 9, tabel 5";
mapping;;BRP;brp_gewas;gewascode;1096;53;181;Overige land- en tuinbouwgewassen;"Overige gewassen volgens de notitie.; Appels. Aangeplant voorafgaande aan lopende seizoen.; Notitie p. 9, tabel 5";
mapping;;BRP;brp_gewas;gewascode;1097;53;181;Overige land- en tuinbouwgewassen;"Overige gewassen volgens de notitie.; Peren. Aangeplant lopende seizoen.; Notitie p. 9, tabel 5";
mapping;;BRP;brp_gewas;gewascode;1098;53;181;Overige land- en tuinbouwgewassen;"Overige gewassen volgens de notitie.; Peren. Aangeplant voorafgaande aan lopende seizoen.; Notitie p. 9, tabel 5";
mapping;;BRP;brp_gewas;gewascode;1099;53;181;Overige land- en tuinbouwgewassen;"Overige gewassen volgens de notitie.; Wijndruiven; Notitie p. 9, tabel 5";
mapping;;BRP;brp_gewas;gewascode;1100;53;181;Overige land- en tuinbouwgewassen;"Overige gewassen volgens de notitie.; Overige pit- en steenvruchten (zoals perziken, tafeldruiven); Notitie p. 9, tabel 5";
mapping;;BRP;brp_gewas;gewascode;1869;53;181;Overige land- en tuinbouwgewassen;"Overige gewassen volgens de notitie.; Bessen, blauwe; Notitie p. 9, tabel 5";
mapping;;BRP;brp_gewas;gewascode;1870;53;181;Overige land- en tuinbouwgewassen;"Overige gewassen volgens de notitie.; Pruimen; Notitie p. 9, tabel 5";
mapping;;BRP;brp_gewas;gewascode;1872;53;181;Overige land- en tuinbouwgewassen;"Overige gewassen volgens de notitie.; Kersen, zuur (opbrengst bestemd voor verwerkende industrie); Notitie p. 9, tabel 5";
mapping;;BRP;brp_gewas;gewascode;1873;53;181;Overige land- en tuinbouwgewassen;"Overige gewassen volgens de notitie.; Bessen, zwarte (opbrengst verwerkt voor verwerkende industrie); Notitie p. 9, tabel 5";
mapping;;BRP;brp_gewas;gewascode;1874;53;181;Overige land- en tuinbouwgewassen;"Overige gewassen volgens de notitie.; Overig kleinfruit (zoals kruisbessen, kiwi's); Notitie p. 9, tabel 5";
mapping;;BRP;brp_gewas;gewascode;1876;53;181;Overige land- en tuinbouwgewassen;"Overige gewassen volgens de notitie.; Snijgroen; Notitie p. 9, tabel 5";
mapping;;BRP;brp_gewas;gewascode;1921;53;181;Overige land- en tuinbouwgewassen;"Overige gewassen volgens de notitie.; Graszoden; Notitie p. 9, tabel 5";
mapping;;BRP;brp_gewas;gewascode;1949;53;181;Overige land- en tuinbouwgewassen;"Overige gewassen volgens de notitie.; Aardperen; Notitie p. 9, tabel 5";
mapping;;BRP;brp_gewas;gewascode;2325;53;181;Overige land- en tuinbouwgewassen;"Overige gewassen volgens de notitie.; Bessen, rode; Notitie p. 9, tabel 5";
mapping;;BRP;brp_gewas;gewascode;2326;53;181;Overige land- en tuinbouwgewassen;"Overige gewassen volgens de notitie.; Frambozen; Notitie p. 9, tabel 5";
mapping;;BRP;brp_gewas;gewascode;2327;53;181;Overige land- en tuinbouwgewassen;"Overige gewassen volgens de notitie.; Bramen; Notitie p. 9, tabel 5";
mapping;;BRP;brp_gewas;gewascode;2328;53;181;Overige land- en tuinbouwgewassen;"Overige gewassen volgens de notitie.; Kersen, zoet; Notitie p. 9, tabel 5";
mapping;;BRP;brp_gewas;gewascode;2645;53;181;Overige land- en tuinbouwgewassen;"Overige gewassen volgens de notitie.; Notenbomen; Notitie p. 9, tabel 5";
mapping;;BRP;brp_gewas;gewascode;2700;53;181;Overige land- en tuinbouwgewassen;"Overige gewassen volgens de notitie.; Aardbeien open grond, vermeerdering; Notitie p. 9, tabel 5";
mapping;;BRP;brp_gewas;gewascode;2701;53;181;Overige land- en tuinbouwgewassen;"Overige gewassen volgens de notitie.; Aardbeien open grond, wachtbed; Notitie p. 9, tabel 5";
mapping;;BRP;brp_gewas;gewascode;2702;53;181;Overige land- en tuinbouwgewassen;"Overige gewassen volgens de notitie.; Aardbeien open grond, productie; Notitie p. 9, tabel 5";
mapping;;BRP;brp_gewas;gewascode;2703;53;181;Overige land- en tuinbouwgewassen;"Overige gewassen volgens de notitie.; Aardbeien open grond, zaden en opkweekmateriaal; Notitie p. 9, tabel 5";
mapping;;BRP;brp_gewas;gewascode;2704;53;181;Overige land- en tuinbouwgewassen;"Overige gewassen volgens de notitie.; Aardbeien op stellingen, vermeerdering; Notitie p. 9, tabel 5";
mapping;;BRP;brp_gewas;gewascode;2705;53;181;Overige land- en tuinbouwgewassen;"Overige gewassen volgens de notitie.; Aardbeien op stellingen, wachtbed; Notitie p. 9, tabel 5";
mapping;;BRP;brp_gewas;gewascode;2706;53;181;Overige land- en tuinbouwgewassen;"Overige gewassen volgens de notitie.; Aardbeien op stellingen, productie; Notitie p. 9, tabel 5";
mapping;;BRP;brp_gewas;gewascode;2707;53;181;Overige land- en tuinbouwgewassen;"Overige gewassen volgens de notitie.; Aardbeien op stellingen, zaden en opkweekmateriaal; Notitie p. 9, tabel 5";
mapping;;BRP;brp_gewas;gewascode;2708;53;181;Overige land- en tuinbouwgewassen;"Overige gewassen volgens de notitie.; Andijvie, productie; Notitie p. 9, tabel 5";
mapping;;BRP;brp_gewas;gewascode;2709;53;181;Overige land- en tuinbouwgewassen;"Overige gewassen volgens de notitie.; Andijvie, zaden en opkweekmateriaal; Notitie p. 9, tabel 5";
mapping;;BRP;brp_gewas;gewascode;2710;53;181;Overige land- en tuinbouwgewassen;"Overige gewassen volgens de notitie.; Asperges, oppervlakte die productie oplevert; Notitie p. 9, tabel 5";
mapping;;BRP;brp_gewas;gewascode;2711;53;181;Overige land- en tuinbouwgewassen;"Overige gewassen volgens de notitie.; Asperges, oppervlakte die nog geen productie oplevert; Notitie p. 9, tabel 5";
mapping;;BRP;brp_gewas;gewascode;2712;53;181;Overige land- en tuinbouwgewassen;"Overige gewassen volgens de notitie.; Asperges, zaden en opkweekmateriaal; Notitie p. 9, tabel 5";
mapping;;BRP;brp_gewas;gewascode;2715;53;181;Overige land- en tuinbouwgewassen;"Overige gewassen volgens de notitie.; Boerenkool, productie; Notitie p. 9, tabel 5";
mapping;;BRP;brp_gewas;gewascode;2716;53;181;Overige land- en tuinbouwgewassen;"Overige gewassen volgens de notitie.; Boerenkool, zaden en opkweekmateriaal; Notitie p. 9, tabel 5";
mapping;;BRP;brp_gewas;gewascode;2717;53;181;Overige land- en tuinbouwgewassen;"Overige gewassen volgens de notitie.; Bospeen, productie; Notitie p. 9, tabel 5";
mapping;;BRP;brp_gewas;gewascode;2719;53;181;Overige land- en tuinbouwgewassen;"Overige gewassen volgens de notitie.; Broccoli, productie; Notitie p. 9, tabel 5";
mapping;;BRP;brp_gewas;gewascode;2720;53;181;Overige land- en tuinbouwgewassen;"Overige gewassen volgens de notitie.; Broccoli, zaden en opkweekmateriaal; Notitie p. 9, tabel 5";
mapping;;BRP;brp_gewas;gewascode;2721;53;181;Overige land- en tuinbouwgewassen;"Overige gewassen volgens de notitie.; Chinese kool, productie; Notitie p. 9, tabel 5";
mapping;;BRP;brp_gewas;gewascode;2722;53;181;Overige land- en tuinbouwgewassen;"Overige gewassen volgens de notitie.; Chinese kool, zaden en opkweekmateriaal; Notitie p. 9, tabel 5";
mapping;;BRP;brp_gewas;gewascode;2723;53;181;Overige land- en tuinbouwgewassen;"Overige gewassen volgens de notitie.; Courgette, productie; Notitie p. 9, tabel 5";
mapping;;BRP;brp_gewas;gewascode;2724;53;181;Overige land- en tuinbouwgewassen;"Overige gewassen volgens de notitie.; Courgette, zaden en opkweekmateriaal; Notitie p. 9, tabel 5";
mapping;;BRP;brp_gewas;gewascode;2725;53;181;Overige land- en tuinbouwgewassen;"Overige gewassen volgens de notitie.; Knolselderij, productie; Notitie p. 9, tabel 5";
mapping;;BRP;brp_gewas;gewascode;2726;53;181;Overige land- en tuinbouwgewassen;"Overige gewassen volgens de notitie.; Knolselderij, zaden en opkweekmateriaal; Notitie p. 9, tabel 5";
mapping;;BRP;brp_gewas;gewascode;2727;53;181;Overige land- en tuinbouwgewassen;"Overige gewassen volgens de notitie.; Knolvenkel/venkel, productie; Notitie p. 9, tabel 5";
mapping;;BRP;brp_gewas;gewascode;2728;53;181;Overige land- en tuinbouwgewassen;"Overige gewassen volgens de notitie.; Knolvenkel/venkel, zaden en opkweekmateriaal; Notitie p. 9, tabel 5";
mapping;;BRP;brp_gewas;gewascode;2729;53;181;Overige land- en tuinbouwgewassen;"Overige gewassen volgens de notitie.; Komkommer, productie; Notitie p. 9, tabel 5";
mapping;;BRP;brp_gewas;gewascode;2730;53;181;Overige land- en tuinbouwgewassen;"Overige gewassen volgens de notitie.; Komkommer, zaden en opkweekmateriaal; Notitie p. 9, tabel 5";
mapping;;BRP;brp_gewas;gewascode;2731;53;181;Overige land- en tuinbouwgewassen;"Overige gewassen volgens de notitie.; Augurk, productie; Notitie p. 9, tabel 5";
mapping;;BRP;brp_gewas;gewascode;2732;53;181;Overige land- en tuinbouwgewassen;"Overige gewassen volgens de notitie.; Augurk, zaden en opkweekmateriaal; Notitie p. 9, tabel 5";
mapping;;BRP;brp_gewas;gewascode;2733;53;181;Overige land- en tuinbouwgewassen;"Overige gewassen volgens de notitie.; Meloen, productie; Notitie p. 9, tabel 5";
mapping;;BRP;brp_gewas;gewascode;2735;53;181;Overige land- en tuinbouwgewassen;"Overige gewassen volgens de notitie.; Pompoen, productie; Notitie p. 9, tabel 5";
mapping;;BRP;brp_gewas;gewascode;2736;53;181;Overige land- en tuinbouwgewassen;"Overige gewassen volgens de notitie.; Pompoen, zaden en opkweekmateriaal; Notitie p. 9, tabel 5";
mapping;;BRP;brp_gewas;gewascode;2737;53;181;Overige land- en tuinbouwgewassen;"Overige gewassen volgens de notitie.; Koolraap, productie; Notitie p. 9, tabel 5";
mapping;;BRP;brp_gewas;gewascode;2739;53;181;Overige land- en tuinbouwgewassen;"Overige gewassen volgens de notitie.; Koolrabi, productie; Notitie p. 9, tabel 5";
mapping;;BRP;brp_gewas;gewascode;2740;53;181;Overige land- en tuinbouwgewassen;"Overige gewassen volgens de notitie.; Koolrabi, zaden en opkweekmateriaal; Notitie p. 9, tabel 5";
mapping;;BRP;brp_gewas;gewascode;2741;53;181;Overige land- en tuinbouwgewassen;"Overige gewassen volgens de notitie.; Kroten/rode bieten, productie; Notitie p. 9, tabel 5";
mapping;;BRP;brp_gewas;gewascode;2742;53;181;Overige land- en tuinbouwgewassen;"Overige gewassen volgens de notitie.; Kroten/rode bieten, zaden en opkweekmateriaal; Notitie p. 9, tabel 5";
mapping;;BRP;brp_gewas;gewascode;2743;53;181;Overige land- en tuinbouwgewassen;"Overige gewassen volgens de notitie.; Kruiden, productie; Notitie p. 9, tabel 5";
mapping;;BRP;brp_gewas;gewascode;2744;53;181;Overige land- en tuinbouwgewassen;"Overige gewassen volgens de notitie.; Kruiden, zaden en opkweekmateriaal; Notitie p. 9, tabel 5";
mapping;;BRP;brp_gewas;gewascode;2745;53;181;Overige land- en tuinbouwgewassen;"Overige gewassen volgens de notitie.; Paksoi, productie; Notitie p. 9, tabel 5";
mapping;;BRP;brp_gewas;gewascode;2747;53;181;Overige land- en tuinbouwgewassen;"Overige gewassen volgens de notitie.; Peulen, productie; Notitie p. 9, tabel 5";
mapping;;BRP;brp_gewas;gewascode;2748;53;181;Overige land- en tuinbouwgewassen;"Overige gewassen volgens de notitie.; Peulen, zaden en opkweekmateriaal; Notitie p. 9, tabel 5";
mapping;;BRP;brp_gewas;gewascode;2751;53;181;Overige land- en tuinbouwgewassen;"Overige gewassen volgens de notitie.; Pronkbonen, productie; Notitie p. 9, tabel 5";
mapping;;BRP;brp_gewas;gewascode;2752;53;181;Overige land- en tuinbouwgewassen;"Overige gewassen volgens de notitie.; Pronkbonen, zaden en opkweekmateriaal; Notitie p. 9, tabel 5";
mapping;;BRP;brp_gewas;gewascode;2753;53;181;Overige land- en tuinbouwgewassen;"Overige gewassen volgens de notitie.; Raapstelen, productie; Notitie p. 9, tabel 5";
mapping;;BRP;brp_gewas;gewascode;2754;53;181;Overige land- en tuinbouwgewassen;"Overige gewassen volgens de notitie.; Raapstelen, zaden en opkweekmateriaal; Notitie p. 9, tabel 5";
mapping;;BRP;brp_gewas;gewascode;2755;53;181;Overige land- en tuinbouwgewassen;"Overige gewassen volgens de notitie.; Rabarber, productie; Notitie p. 9, tabel 5";
mapping;;BRP;brp_gewas;gewascode;2756;53;181;Overige land- en tuinbouwgewassen;"Overige gewassen volgens de notitie.; Rabarber, zaden en opkweekmateriaal; Notitie p. 9, tabel 5";
mapping;;BRP;brp_gewas;gewascode;2757;53;181;Overige land- en tuinbouwgewassen;"Overige gewassen volgens de notitie.; Radijs, productie; Notitie p. 9, tabel 5";
mapping;;BRP;brp_gewas;gewascode;2758;53;181;Overige land- en tuinbouwgewassen;"Overige gewassen volgens de notitie.; Radijs, zaden en opkweekmateriaal; Notitie p. 9, tabel 5";
mapping;;BRP;brp_gewas;gewascode;2759;53;181;Overige land- en tuinbouwgewassen;"Overige gewassen volgens de notitie.; Rodekool, productie; Notitie p. 9, tabel 5";
mapping;;BRP;brp_gewas;gewascode;2761;53;181;Overige land- en tuinbouwgewassen;"Overige gewassen volgens de notitie.; Savooiekool, productie; Notitie p. 9, tabel 5";
mapping;;BRP;brp_gewas;gewascode;2762;53;181;Overige land- en tuinbouwgewassen;"Overige gewassen volgens de notitie.; Savooiekool, zaden en opkweekmateriaal; Notitie p. 9, tabel 5";
mapping;;BRP;brp_gewas;gewascode;2763;53;181;Overige land- en tuinbouwgewassen;"Overige gewassen volgens de notitie.; Schorseneren, productie; Notitie p. 9, tabel 5";
mapping;;BRP;brp_gewas;gewascode;2765;53;181;Overige land- en tuinbouwgewassen;"Overige gewassen volgens de notitie.; Selderij, bleek- en groen-, productie; Notitie p. 9, tabel 5";
mapping;;BRP;brp_gewas;gewascode;2766;53;181;Overige land- en tuinbouwgewassen;"Overige gewassen volgens de notitie.; Selderij, bleek- en groen-, zaden en opkweekmateriaal; Notitie p. 9, tabel 5";
mapping;;BRP;brp_gewas;gewascode;2767;53;181;Overige land- en tuinbouwgewassen;"Overige gewassen volgens de notitie.; Sla, ijsberg-, productie; Notitie p. 9, tabel 5";
mapping;;BRP;brp_gewas;gewascode;2768;53;181;Overige land- en tuinbouwgewassen;"Overige gewassen volgens de notitie.; Sla, ijsberg-, zaden en opkweekmateriaal; Notitie p. 9, tabel 5";
mapping;;BRP;brp_gewas;gewascode;2769;53;181;Overige land- en tuinbouwgewassen;"Overige gewassen volgens de notitie.; Sla, radicchio rosso, productie; Notitie p. 9, tabel 5";
mapping;;BRP;brp_gewas;gewascode;2771;53;181;Overige land- en tuinbouwgewassen;"Overige gewassen volgens de notitie.; Sla, overig, productie; Notitie p. 9, tabel 5";
mapping;;BRP;brp_gewas;gewascode;2772;53;181;Overige land- en tuinbouwgewassen;"Overige gewassen volgens de notitie.; Sla, overig, zaden en opkweekmateriaal; Notitie p. 9, tabel 5";
mapping;;BRP;brp_gewas;gewascode;2773;53;181;Overige land- en tuinbouwgewassen;"Overige gewassen volgens de notitie.; Spinazie, productie; Notitie p. 9, tabel 5";
mapping;;BRP;brp_gewas;gewascode;2774;53;181;Overige land- en tuinbouwgewassen;"Overige gewassen volgens de notitie.; Spinazie, zaden en opkweekmateriaal; Notitie p. 9, tabel 5";
mapping;;BRP;brp_gewas;gewascode;2775;53;181;Overige land- en tuinbouwgewassen;"Overige gewassen volgens de notitie.; Spitskool, productie; Notitie p. 9, tabel 5";
mapping;;BRP;brp_gewas;gewascode;2777;53;181;Overige land- en tuinbouwgewassen;"Overige gewassen volgens de notitie.; Spruitkool/spruitjes, productie; Notitie p. 9, tabel 5";
mapping;;BRP;brp_gewas;gewascode;2778;53;181;Overige land- en tuinbouwgewassen;"Overige gewassen volgens de notitie.; Spruitkool/spruitjes, zaden en opkweekmateriaal; Notitie p. 9, tabel 5";
mapping;;BRP;brp_gewas;gewascode;2779;53;181;Overige land- en tuinbouwgewassen;"Overige gewassen volgens de notitie.; Stamsperziebonen (=stamslabonen), productie; Notitie p. 9, tabel 5";
mapping;;BRP;brp_gewas;gewascode;2780;53;181;Overige land- en tuinbouwgewassen;"Overige gewassen volgens de notitie.; Stamsperziebonen (=stamslabonen), zaden en opkweekmateriaal; Notitie p. 9, tabel 5";
mapping;;BRP;brp_gewas;gewascode;2781;53;181;Overige land- en tuinbouwgewassen;"Overige gewassen volgens de notitie.; Stoksnijbonen en stokslabonen, productie; Notitie p. 9, tabel 5";
mapping;;BRP;brp_gewas;gewascode;2782;53;181;Overige land- en tuinbouwgewassen;"Overige gewassen volgens de notitie.; Stoksnijbonen en stokslabonen, zaden en opkweekmateriaal; Notitie p. 9, tabel 5";
mapping;;BRP;brp_gewas;gewascode;2783;53;181;Overige land- en tuinbouwgewassen;"Overige gewassen volgens de notitie.; Waspeen, productie; Notitie p. 9, tabel 5";
mapping;;BRP;brp_gewas;gewascode;2784;53;181;Overige land- en tuinbouwgewassen;"Overige gewassen volgens de notitie.; Waspeen, zaden en opkweekmateriaal; Notitie p. 9, tabel 5";
mapping;;BRP;brp_gewas;gewascode;2785;53;181;Overige land- en tuinbouwgewassen;"Overige gewassen volgens de notitie.; Winterpeen, productie; Notitie p. 9, tabel 5";
mapping;;BRP;brp_gewas;gewascode;2786;53;181;Overige land- en tuinbouwgewassen;"Overige gewassen volgens de notitie.; Winterpeen, zaden en opkweekmateriaal; Notitie p. 9, tabel 5";
mapping;;BRP;brp_gewas;gewascode;2787;53;181;Overige land- en tuinbouwgewassen;"Overige gewassen volgens de notitie.; Witlofwortel, productie; Notitie p. 9, tabel 5";
mapping;;BRP;brp_gewas;gewascode;2788;53;181;Overige land- en tuinbouwgewassen;"Overige gewassen volgens de notitie.; Witlofwortel, zaden en opkweekmateriaal; Notitie p. 9, tabel 5";
mapping;;BRP;brp_gewas;gewascode;2789;53;181;Overige land- en tuinbouwgewassen;"Overige gewassen volgens de notitie.; Witte kool, productie; Notitie p. 9, tabel 5";
mapping;;BRP;brp_gewas;gewascode;2790;53;181;Overige land- en tuinbouwgewassen;"Overige gewassen volgens de notitie.; Witte kool, zaden en opkweekmateriaal; Notitie p. 9, tabel 5";
mapping;;BRP;brp_gewas;gewascode;2791;53;181;Overige land- en tuinbouwgewassen;"Overige gewassen volgens de notitie.; Overige niet genoemde bladgewassen, productie; Notitie p. 9, tabel 5";
mapping;;BRP;brp_gewas;gewascode;2792;53;181;Overige land- en tuinbouwgewassen;"Overige gewassen volgens de notitie.; Overige niet genoemde bladgewassen, zaden en opkweekmateriaal; Notitie p. 9, tabel 5";
mapping;;BRP;brp_gewas;gewascode;2793;53;181;Overige land- en tuinbouwgewassen;"Overige gewassen volgens de notitie.; Overige niet genoemde groenten, productie; Notitie p. 9, tabel 5";
mapping;;BRP;brp_gewas;gewascode;2794;53;181;Overige land- en tuinbouwgewassen;"Overige gewassen volgens de notitie.; Overige niet genoemde groenten, zaden en opkweekmateriaal; Notitie p. 9, tabel 5";
mapping;;BRP;brp_gewas;gewascode;2795;53;181;Overige land- en tuinbouwgewassen;"Overige gewassen volgens de notitie.; Bloemkool, winter, productie; Notitie p. 9, tabel 5";
mapping;;BRP;brp_gewas;gewascode;2796;53;181;Overige land- en tuinbouwgewassen;"Overige gewassen volgens de notitie.; Bloemkool, winter, zaden en opkweekmateriaal; Notitie p. 9, tabel 5";
mapping;;BRP;brp_gewas;gewascode;2797;53;181;Overige land- en tuinbouwgewassen;"Overige gewassen volgens de notitie.; Bloemkool, zomer, productie; Notitie p. 9, tabel 5";
mapping;;BRP;brp_gewas;gewascode;2798;53;181;Overige land- en tuinbouwgewassen;"Overige gewassen volgens de notitie.; Bloemkool, zomer, zaden en opkweekmateriaal; Notitie p. 9, tabel 5";
mapping;;BRP;brp_gewas;gewascode;2799;53;181;Overige land- en tuinbouwgewassen;"Overige gewassen volgens de notitie.; Prei, winter, productie; Notitie p. 9, tabel 5";
mapping;;BRP;brp_gewas;gewascode;2800;53;181;Overige land- en tuinbouwgewassen;"Overige gewassen volgens de notitie.; Prei, winter, zaden en opkweekmateriaal; Notitie p. 9, tabel 5";
mapping;;BRP;brp_gewas;gewascode;2801;53;181;Overige land- en tuinbouwgewassen;"Overige gewassen volgens de notitie.; Prei, zomer, productie; Notitie p. 9, tabel 5";
mapping;;BRP;brp_gewas;gewascode;2802;53;181;Overige land- en tuinbouwgewassen;"Overige gewassen volgens de notitie.; Prei, zomer, zaden en opkweekmateriaal; Notitie p. 9, tabel 5";
mapping;;BRP;brp_gewas;gewascode;3055;53;181;Overige land- en tuinbouwgewassen;"Overige gewassen volgens de notitie.; Lisdodde; Notitie p. 9, tabel 5";
mapping;;BRP;brp_gewas;gewascode;6767;53;181;Overige land- en tuinbouwgewassen;"Overige gewassen volgens de notitie.; Linzen; Notitie p. 9, tabel 5";
mapping;;BRP;brp_gewas;gewascode;6792;53;181;Overige land- en tuinbouwgewassen;"Overige gewassen volgens de notitie.; Zeekraal; Notitie p. 9, tabel 5";
mapping;;BRP;brp_gewas;gewascode;6794;53;181;Overige land- en tuinbouwgewassen;"Overige gewassen volgens de notitie.; Groene braak, spontane opkomst; Notitie p. 9, tabel 5";
mapping;;BRP;brp_gewas;gewascode;6795;53;181;Overige land- en tuinbouwgewassen;"Overige gewassen volgens de notitie.; Liatris, bloembollen en -knollen; Notitie p. 9, tabel 5";
mapping;;BRP;brp_gewas;gewascode;6797;53;181;Overige land- en tuinbouwgewassen;"Overige gewassen volgens de notitie.; Liatris, overige bloemkwekerijgewassen; Notitie p. 9, tabel 5";
mapping;;BRP;brp_gewas;gewascode;6802;53;181;Overige land- en tuinbouwgewassen;"Overige gewassen volgens de notitie.; Sedum; Notitie p. 9, tabel 5";
mapping;;BRP;brp_gewas;gewascode;6803;53;181;Overige land- en tuinbouwgewassen;"Overige gewassen volgens de notitie.; Sneeuwklokje, bloembollen en -knollen; Notitie p. 9, tabel 5";
mapping;;BRP;brp_gewas;gewascode;7121;53;181;Overige land- en tuinbouwgewassen;"Overige gewassen volgens de notitie.; Bonen, witte-; Notitie p. 9, tabel 5";
mapping;;BRP;brp_gewas;gewascode;7122;53;181;Overige land- en tuinbouwgewassen;"Overige gewassen volgens de notitie.; Yacon; Notitie p. 9, tabel 5";
mapping;;BRP;brp_gewas;gewascode;7124;53;181;Overige land- en tuinbouwgewassen;"Overige gewassen volgens de notitie.; Raapzaad, winter; Notitie p. 9, tabel 5";
mapping;;BRP;brp_gewas;gewascode;7134;53;181;Overige land- en tuinbouwgewassen;"Overige gewassen volgens de notitie.; Riet in water, anders dan een subsidiabele sloot; Notitie p. 9, tabel 5";
mapping;;BRP;brp_gewas;gewascode;7135;53;181;Overige land- en tuinbouwgewassen;"Overige gewassen volgens de notitie.; Riet in een subsidiabele sloot; Notitie p. 9, tabel 5";
mapping;;BRP;brp_gewas;gewascode;7137;53;181;Overige land- en tuinbouwgewassen;"Overige gewassen volgens de notitie.; Bonen, overig; Notitie p. 9, tabel 5";
mapping;;BRP;brp_gewas;gewascode;7138;53;181;Overige land- en tuinbouwgewassen;"Overige gewassen volgens de notitie.; Palmkool; Notitie p. 9, tabel 5";
mapping;;BRP;brp_gewas;gewascode;233;51;179;Gerst, tarwe, mais (+ overige granen);"Tarwe, winter-; Notitie p. 9, tabel 5";
mapping;;BRP;brp_gewas;gewascode;234;51;179;Gerst, tarwe, mais (+ overige granen);"Tarwe, zomer-; Notitie p. 9, tabel 5";
mapping;;BRP;brp_gewas;gewascode;235;51;179;Gerst, tarwe, mais (+ overige granen);"Gerst, winter-; Notitie p. 9, tabel 5";
mapping;;BRP;brp_gewas;gewascode;236;51;179;Gerst, tarwe, mais (+ overige granen);"Gerst, zomer-; Notitie p. 9, tabel 5";
mapping;;BRP;brp_gewas;gewascode;238;51;179;Gerst, tarwe, mais (+ overige granen);"Haver; Notitie p. 9, tabel 5";
mapping;;BRP;brp_gewas;gewascode;259;51;179;Gerst, tarwe, mais (+ overige granen);"Mais, snij-; Notitie p. 9, tabel 5";
mapping;;BRP;brp_gewas;gewascode;314;51;179;Gerst, tarwe, mais (+ overige granen);"Triticale; Notitie p. 9, tabel 5";
mapping;;BRP;brp_gewas;gewascode;316;51;179;Gerst, tarwe, mais (+ overige granen);"Mais, korrel-; Notitie p. 9, tabel 5";
mapping;;BRP;brp_gewas;gewascode;317;51;179;Gerst, tarwe, mais (+ overige granen);"Mais, corncob mix; Notitie p. 9, tabel 5";
mapping;;BRP;brp_gewas;gewascode;375;51;179;Gerst, tarwe, mais (+ overige granen);"Hop; Notitie p. 9, tabel 5";
mapping;;BRP;brp_gewas;gewascode;381;51;179;Gerst, tarwe, mais (+ overige granen);"Teff; Notitie p. 9, tabel 5";
mapping;;BRP;brp_gewas;gewascode;382;51;179;Gerst, tarwe, mais (+ overige granen);"Spelt; Notitie p. 9, tabel 5";
mapping;;BRP;brp_gewas;gewascode;814;51;179;Gerst, tarwe, mais (+ overige granen);"Mais, suiker-; Notitie p. 9, tabel 5";
mapping;;BRP;brp_gewas;gewascode;1022;51;179;Gerst, tarwe, mais (+ overige granen);"Quinoa; Notitie p. 9, tabel 5";
mapping;;BRP;brp_gewas;gewascode;1922;51;179;Gerst, tarwe, mais (+ overige granen);"Koolzaad, winter (incl. boterzaad); Notitie p. 9, tabel 5";
mapping;;BRP;brp_gewas;gewascode;1923;51;179;Gerst, tarwe, mais (+ overige granen);"Koolzaad, zomer (incl. boterzaad); Notitie p. 9, tabel 5";
mapping;;BRP;brp_gewas;gewascode;1935;51;179;Gerst, tarwe, mais (+ overige granen);"Maiskolvensilage; Notitie p. 9, tabel 5";
mapping;;BRP;brp_gewas;gewascode;2032;51;179;Gerst, tarwe, mais (+ overige granen);"Mais, energie-; Notitie p. 9, tabel 5";
mapping;;BRP;brp_gewas;gewascode;2652;51;179;Gerst, tarwe, mais (+ overige granen);"Granen, overig; Notitie p. 9, tabel 5";
mapping;;BRP;brp_gewas;gewascode;6636;51;179;Gerst, tarwe, mais (+ overige granen);"Naakte haver; Notitie p. 9, tabel 5";
mapping;;BRP;brp_gewas;gewascode;7129;51;179;Gerst, tarwe, mais (+ overige granen);"Rogge, groenvoedergewas; Notitie p. 9, tabel 5";
mapping;;BRP;brp_gewas;gewascode;7130;51;179;Gerst, tarwe, mais (+ overige granen);"Rogge, korrelgewas; Notitie p. 9, tabel 5";
mapping;;BRP;brp_gewas;gewascode;7131;51;179;Gerst, tarwe, mais (+ overige granen);"Rogge, groenbemesting, vanggewas; Notitie p. 9, tabel 5";
mapping;;BRP;brp_gewas;gewascode;256;52;180;Aardappelen, suikerbieten, uien;"Bieten, suiker-; Notitie p. 9, tabel 5";
mapping;;BRP;brp_gewas;gewascode;257;52;180;Aardappelen, suikerbieten, uien;"Bieten, voeder-; Notitie p. 9, tabel 5";
mapping;;BRP;brp_gewas;gewascode;263;52;180;Aardappelen, suikerbieten, uien;"Uien, zilver-; Notitie p. 9, tabel 5";
mapping;;BRP;brp_gewas;gewascode;1927;52;180;Aardappelen, suikerbieten, uien;"Overige akkerbouwgewassen; Notitie p. 9, tabel 5";
mapping;;BRP;brp_gewas;gewascode;1932;52;180;Aardappelen, suikerbieten, uien;"Uien, poot en plant, 1e jaars; Notitie p. 9, tabel 5";
mapping;;BRP;brp_gewas;gewascode;1933;52;180;Aardappelen, suikerbieten, uien;"Uien, poot en plant, 2e jaars; Notitie p. 9, tabel 5";
mapping;;BRP;brp_gewas;gewascode;1934;52;180;Aardappelen, suikerbieten, uien;"Sjalotten; Notitie p. 9, tabel 5";
mapping;;BRP;brp_gewas;gewascode;2014;52;180;Aardappelen, suikerbieten, uien;"Aardappelen, consumptie; Notitie p. 9, tabel 5";
mapping;;BRP;brp_gewas;gewascode;2015;52;180;Aardappelen, suikerbieten, uien;"Aardappelen, poot NAK; Notitie p. 9, tabel 5";
mapping;;BRP;brp_gewas;gewascode;2016;52;180;Aardappelen, suikerbieten, uien;"Aardappelen, poot TBM; Notitie p. 9, tabel 5";
mapping;;BRP;brp_gewas;gewascode;2017;52;180;Aardappelen, suikerbieten, uien;"Aardappelen, zetmeel; Notitie p. 9, tabel 5";
mapping;;BRP;brp_gewas;gewascode;2025;52;180;Aardappelen, suikerbieten, uien;"Aardappelen, bestrijdingsmaatregel AM; Notitie p. 9, tabel 5";
mapping;;BRP;brp_gewas;gewascode;6632;52;180;Aardappelen, suikerbieten, uien;"Zoete aardappelen; Notitie p. 9, tabel 5";
mapping;;BRP;brp_gewas;gewascode;6660;52;180;Aardappelen, suikerbieten, uien;"Uien, gele zaai-; Notitie p. 9, tabel 5";
mapping;;BRP;brp_gewas;gewascode;6664;52;180;Aardappelen, suikerbieten, uien;"Uien, rode zaai-; Notitie p. 9, tabel 5";
mapping;;BRP;brp_gewas;gewascode;265;50;182;Agrarisch grasland (+ groenbemesters);"Agrarisch gras buitendijks valt onder overig gras/natuur zonder schade (notitie p. 9).; Grasland, blijvend; Notitie p. 9, tabel 5";
mapping;;BRP;brp_gewas;gewascode;266;50;182;Agrarisch grasland (+ groenbemesters);"Agrarisch gras buitendijks valt onder overig gras/natuur zonder schade (notitie p. 9).; Grasland, tijdelijk; Notitie p. 9, tabel 5";
mapping;;BRP;brp_gewas;gewascode;426;50;178;Agrarisch grasland (+ groenbemesters);"Overige gewassen uit rij 50/178 van tabel 5. Agrarisch gras (265, 266) staat apart vanwege de buitendijkse uitzondering.; Overige groenbemesters, vlinderbloemige-; Notitie p. 9, tabel 5";
mapping;;BRP;brp_gewas;gewascode;516;50;178;Agrarisch grasland (+ groenbemesters);"Overige gewassen uit rij 50/178 van tabel 5. Agrarisch gras (265, 266) staat apart vanwege de buitendijkse uitzondering.; Miscanthus (olifantsgras); Notitie p. 9, tabel 5";
mapping;;BRP;brp_gewas;gewascode;801;50;178;Agrarisch grasland (+ groenbemesters);"Overige gewassen uit rij 50/178 van tabel 5. Agrarisch gras (265, 266) staat apart vanwege de buitendijkse uitzondering.; Esparcette; Notitie p. 9, tabel 5";
mapping;;BRP;brp_gewas;gewascode;944;50;178;Agrarisch grasland (+ groenbemesters);"Overige gewassen uit rij 50/178 van tabel 5. Agrarisch gras (265, 266) staat apart vanwege de buitendijkse uitzondering.; Hennep, vezel-; Notitie p. 9, tabel 5";
mapping;;BRP;brp_gewas;gewascode;3502;50;178;Agrarisch grasland (+ groenbemesters);"Overige gewassen uit rij 50/178 van tabel 5. Agrarisch gras (265, 266) staat apart vanwege de buitendijkse uitzondering.; Bladkool; Notitie p. 9, tabel 5";
mapping;;BRP;brp_gewas;gewascode;3503;50;178;Agrarisch grasland (+ groenbemesters);"Overige gewassen uit rij 50/178 van tabel 5. Agrarisch gras (265, 266) staat apart vanwege de buitendijkse uitzondering.; Niet aangetroffen in lokale BRP-2025; naam niet ingevuld; Notitie p. 9, tabel 5";
mapping;;BRP;brp_gewas;gewascode;3504;50;178;Agrarisch grasland (+ groenbemesters);"Overige gewassen uit rij 50/178 van tabel 5. Agrarisch gras (265, 266) staat apart vanwege de buitendijkse uitzondering.; Bladrammenas; Notitie p. 9, tabel 5";
mapping;;BRP;brp_gewas;gewascode;3505;50;178;Agrarisch grasland (+ groenbemesters);"Overige gewassen uit rij 50/178 van tabel 5. Agrarisch gras (265, 266) staat apart vanwege de buitendijkse uitzondering.; Deder; Notitie p. 9, tabel 5";
mapping;;BRP;brp_gewas;gewascode;3507;50;178;Agrarisch grasland (+ groenbemesters);"Overige gewassen uit rij 50/178 van tabel 5. Agrarisch gras (265, 266) staat apart vanwege de buitendijkse uitzondering.; Ethiopische mosterd; Notitie p. 9, tabel 5";
mapping;;BRP;brp_gewas;gewascode;3508;50;178;Agrarisch grasland (+ groenbemesters);"Overige gewassen uit rij 50/178 van tabel 5. Agrarisch gras (265, 266) staat apart vanwege de buitendijkse uitzondering.; Facelia; Notitie p. 9, tabel 5";
mapping;;BRP;brp_gewas;gewascode;3510;50;178;Agrarisch grasland (+ groenbemesters);"Overige gewassen uit rij 50/178 van tabel 5. Agrarisch gras (265, 266) staat apart vanwege de buitendijkse uitzondering.; Boekweit; Notitie p. 9, tabel 5";
mapping;;BRP;brp_gewas;gewascode;3517;50;178;Agrarisch grasland (+ groenbemesters);"Overige gewassen uit rij 50/178 van tabel 5. Agrarisch gras (265, 266) staat apart vanwege de buitendijkse uitzondering.; Sarepta mosterd/Caliente; Notitie p. 9, tabel 5";
mapping;;BRP;brp_gewas;gewascode;3518;50;178;Agrarisch grasland (+ groenbemesters);"Overige gewassen uit rij 50/178 van tabel 5. Agrarisch gras (265, 266) staat apart vanwege de buitendijkse uitzondering.; Niet aangetroffen in lokale BRP-2025; naam niet ingevuld; Notitie p. 9, tabel 5";
mapping;;BRP;brp_gewas;gewascode;3519;50;178;Agrarisch grasland (+ groenbemesters);"Overige gewassen uit rij 50/178 van tabel 5. Agrarisch gras (265, 266) staat apart vanwege de buitendijkse uitzondering.; Soedangras/Sorghum; Notitie p. 9, tabel 5";
mapping;;BRP;brp_gewas;gewascode;3520;50;178;Agrarisch grasland (+ groenbemesters);"Overige gewassen uit rij 50/178 van tabel 5. Agrarisch gras (265, 266) staat apart vanwege de buitendijkse uitzondering.; Niet aangetroffen in lokale BRP-2025; naam niet ingevuld; Notitie p. 9, tabel 5";
mapping;;BRP;brp_gewas;gewascode;3521;50;178;Agrarisch grasland (+ groenbemesters);"Overige gewassen uit rij 50/178 van tabel 5. Agrarisch gras (265, 266) staat apart vanwege de buitendijkse uitzondering.; Stoppelknollen; Notitie p. 9, tabel 5";
mapping;;BRP;brp_gewas;gewascode;3736;50;178;Agrarisch grasland (+ groenbemesters);"Overige gewassen uit rij 50/178 van tabel 5. Agrarisch gras (265, 266) staat apart vanwege de buitendijkse uitzondering.; Vlas, vezel-; Notitie p. 9, tabel 5";
mapping;;BRP;brp_gewas;gewascode;6746;50;178;Agrarisch grasland (+ groenbemesters);"Overige gewassen uit rij 50/178 van tabel 5. Agrarisch gras (265, 266) staat apart vanwege de buitendijkse uitzondering.; Beemdlangbloem, graszaad; Notitie p. 9, tabel 5";
mapping;;BRP;brp_gewas;gewascode;6748;50;178;Agrarisch grasland (+ groenbemesters);"Overige gewassen uit rij 50/178 van tabel 5. Agrarisch gras (265, 266) staat apart vanwege de buitendijkse uitzondering.; Beemdlangbloem, groenbemesting, vanggewas; Notitie p. 9, tabel 5";
mapping;;BRP;brp_gewas;gewascode;6749;50;178;Agrarisch grasland (+ groenbemesters);"Overige gewassen uit rij 50/178 van tabel 5. Agrarisch gras (265, 266) staat apart vanwege de buitendijkse uitzondering.; Bieslook; Notitie p. 9, tabel 5";
mapping;;BRP;brp_gewas;gewascode;6750;50;178;Agrarisch grasland (+ groenbemesters);"Overige gewassen uit rij 50/178 van tabel 5. Agrarisch gras (265, 266) staat apart vanwege de buitendijkse uitzondering.; Engels raaigras, graszaad; Notitie p. 9, tabel 5";
mapping;;BRP;brp_gewas;gewascode;6751;50;178;Agrarisch grasland (+ groenbemesters);"Overige gewassen uit rij 50/178 van tabel 5. Agrarisch gras (265, 266) staat apart vanwege de buitendijkse uitzondering.; Engels raaigras, groenbemesting, vanggewas; Notitie p. 9, tabel 5";
mapping;;BRP;brp_gewas;gewascode;6752;50;178;Agrarisch grasland (+ groenbemesters);"Overige gewassen uit rij 50/178 van tabel 5. Agrarisch gras (265, 266) staat apart vanwege de buitendijkse uitzondering.; Festulolium, graszaad; Notitie p. 9, tabel 5";
mapping;;BRP;brp_gewas;gewascode;6753;50;178;Agrarisch grasland (+ groenbemesters);"Overige gewassen uit rij 50/178 van tabel 5. Agrarisch gras (265, 266) staat apart vanwege de buitendijkse uitzondering.; Festulolium, groenbemesting, vanggewas; Notitie p. 9, tabel 5";
mapping;;BRP;brp_gewas;gewascode;6754;50;178;Agrarisch grasland (+ groenbemesters);"Overige gewassen uit rij 50/178 van tabel 5. Agrarisch gras (265, 266) staat apart vanwege de buitendijkse uitzondering.; Italiaans raaigras, graszaad; Notitie p. 9, tabel 5";
mapping;;BRP;brp_gewas;gewascode;6755;50;178;Agrarisch grasland (+ groenbemesters);"Overige gewassen uit rij 50/178 van tabel 5. Agrarisch gras (265, 266) staat apart vanwege de buitendijkse uitzondering.; Italiaans raaigras, groenbemesting, vanggewas; Notitie p. 9, tabel 5";
mapping;;BRP;brp_gewas;gewascode;6756;50;178;Agrarisch grasland (+ groenbemesters);"Overige gewassen uit rij 50/178 van tabel 5. Agrarisch gras (265, 266) staat apart vanwege de buitendijkse uitzondering.; Klaver, Alexandrijnse, groenbemesting, vanggewas; Notitie p. 9, tabel 5";
mapping;;BRP;brp_gewas;gewascode;6757;50;178;Agrarisch grasland (+ groenbemesters);"Overige gewassen uit rij 50/178 van tabel 5. Agrarisch gras (265, 266) staat apart vanwege de buitendijkse uitzondering.; Klaver, Alexandrijnse, klaverzaad; Notitie p. 9, tabel 5";
mapping;;BRP;brp_gewas;gewascode;6758;50;178;Agrarisch grasland (+ groenbemesters);"Overige gewassen uit rij 50/178 van tabel 5. Agrarisch gras (265, 266) staat apart vanwege de buitendijkse uitzondering.; Klaver, incarnaat, groenbemesting, vanggewas; Notitie p. 9, tabel 5";
mapping;;BRP;brp_gewas;gewascode;6759;50;178;Agrarisch grasland (+ groenbemesters);"Overige gewassen uit rij 50/178 van tabel 5. Agrarisch gras (265, 266) staat apart vanwege de buitendijkse uitzondering.; Klaver, incarnaat, klaverzaad; Notitie p. 9, tabel 5";
mapping;;BRP;brp_gewas;gewascode;6760;50;178;Agrarisch grasland (+ groenbemesters);"Overige gewassen uit rij 50/178 van tabel 5. Agrarisch gras (265, 266) staat apart vanwege de buitendijkse uitzondering.; Klaver, Perzische, groenbemesting, vanggewas; Notitie p. 9, tabel 5";
mapping;;BRP;brp_gewas;gewascode;6761;50;178;Agrarisch grasland (+ groenbemesters);"Overige gewassen uit rij 50/178 van tabel 5. Agrarisch gras (265, 266) staat apart vanwege de buitendijkse uitzondering.; Klaver, Perzische, klaverzaad; Notitie p. 9, tabel 5";
mapping;;BRP;brp_gewas;gewascode;6762;50;178;Agrarisch grasland (+ groenbemesters);"Overige gewassen uit rij 50/178 van tabel 5. Agrarisch gras (265, 266) staat apart vanwege de buitendijkse uitzondering.; Klaver, rode, groenbemesting, vanggewas; Notitie p. 9, tabel 5";
mapping;;BRP;brp_gewas;gewascode;6763;50;178;Agrarisch grasland (+ groenbemesters);"Overige gewassen uit rij 50/178 van tabel 5. Agrarisch gras (265, 266) staat apart vanwege de buitendijkse uitzondering.; Klaver, rode, klaverzaad; Notitie p. 9, tabel 5";
mapping;;BRP;brp_gewas;gewascode;6764;50;178;Agrarisch grasland (+ groenbemesters);"Overige gewassen uit rij 50/178 van tabel 5. Agrarisch gras (265, 266) staat apart vanwege de buitendijkse uitzondering.; Klaver, witte, groenbemesting, vanggewas; Notitie p. 9, tabel 5";
mapping;;BRP;brp_gewas;gewascode;6765;50;178;Agrarisch grasland (+ groenbemesters);"Overige gewassen uit rij 50/178 van tabel 5. Agrarisch gras (265, 266) staat apart vanwege de buitendijkse uitzondering.; Klaver, witte, klaverzaad; Notitie p. 9, tabel 5";
mapping;;BRP;brp_gewas;gewascode;6768;50;178;Agrarisch grasland (+ groenbemesters);"Overige gewassen uit rij 50/178 van tabel 5. Agrarisch gras (265, 266) staat apart vanwege de buitendijkse uitzondering.; Overig graszaad; Notitie p. 9, tabel 5";
mapping;;BRP;brp_gewas;gewascode;6769;50;178;Agrarisch grasland (+ groenbemesters);"Overige gewassen uit rij 50/178 van tabel 5. Agrarisch gras (265, 266) staat apart vanwege de buitendijkse uitzondering.; Overig klaverzaad; Notitie p. 9, tabel 5";
mapping;;BRP;brp_gewas;gewascode;6782;50;178;Agrarisch grasland (+ groenbemesters);"Overige gewassen uit rij 50/178 van tabel 5. Agrarisch gras (265, 266) staat apart vanwege de buitendijkse uitzondering.; Rietzwenkgras, graszaad; Notitie p. 9, tabel 5";
mapping;;BRP;brp_gewas;gewascode;6783;50;178;Agrarisch grasland (+ groenbemesters);"Overige gewassen uit rij 50/178 van tabel 5. Agrarisch gras (265, 266) staat apart vanwege de buitendijkse uitzondering.; Rietzwenkgras, groenbemesting, vanggewas; Notitie p. 9, tabel 5";
mapping;;BRP;brp_gewas;gewascode;6784;50;178;Agrarisch grasland (+ groenbemesters);"Overige gewassen uit rij 50/178 van tabel 5. Agrarisch gras (265, 266) staat apart vanwege de buitendijkse uitzondering.; Roodzwenkgras, graszaad; Notitie p. 9, tabel 5";
mapping;;BRP;brp_gewas;gewascode;6785;50;178;Agrarisch grasland (+ groenbemesters);"Overige gewassen uit rij 50/178 van tabel 5. Agrarisch gras (265, 266) staat apart vanwege de buitendijkse uitzondering.; Roodzwenkgras, groenbemesting, vanggewas; Notitie p. 9, tabel 5";
mapping;;BRP;brp_gewas;gewascode;6786;50;178;Agrarisch grasland (+ groenbemesters);"Overige gewassen uit rij 50/178 van tabel 5. Agrarisch gras (265, 266) staat apart vanwege de buitendijkse uitzondering.; Timothee, graszaad; Notitie p. 9, tabel 5";
mapping;;BRP;brp_gewas;gewascode;6787;50;178;Agrarisch grasland (+ groenbemesters);"Overige gewassen uit rij 50/178 van tabel 5. Agrarisch gras (265, 266) staat apart vanwege de buitendijkse uitzondering.; Timothee, groenbemesting, vanggewas; Notitie p. 9, tabel 5";
mapping;;BRP;brp_gewas;gewascode;6788;50;178;Agrarisch grasland (+ groenbemesters);"Overige gewassen uit rij 50/178 van tabel 5. Agrarisch gras (265, 266) staat apart vanwege de buitendijkse uitzondering.; Veldbeemdgras, graszaad; Notitie p. 9, tabel 5";
mapping;;BRP;brp_gewas;gewascode;6789;50;178;Agrarisch grasland (+ groenbemesters);"Overige gewassen uit rij 50/178 van tabel 5. Agrarisch gras (265, 266) staat apart vanwege de buitendijkse uitzondering.; Veldbeemdgras, groenbemesting, vanggewas; Notitie p. 9, tabel 5";
mapping;;BRP;brp_gewas;gewascode;6790;50;178;Agrarisch grasland (+ groenbemesters);"Overige gewassen uit rij 50/178 van tabel 5. Agrarisch gras (265, 266) staat apart vanwege de buitendijkse uitzondering.; Westerwolds raaigras, graszaad; Notitie p. 9, tabel 5";
mapping;;BRP;brp_gewas;gewascode;6791;50;178;Agrarisch grasland (+ groenbemesters);"Overige gewassen uit rij 50/178 van tabel 5. Agrarisch gras (265, 266) staat apart vanwege de buitendijkse uitzondering.; Westerwolds raaigras, groenbemesting, vanggewas; Notitie p. 9, tabel 5";
mapping;;BRP;brp_gewas;gewascode;7125;50;178;Agrarisch grasland (+ groenbemesters);"Overige gewassen uit rij 50/178 van tabel 5. Agrarisch gras (265, 266) staat apart vanwege de buitendijkse uitzondering.; Overige groenbemesters, niet-vlinderbloemige-, niet zijnde gras; Notitie p. 9, tabel 5";
mapping;;BRP;brp_gewas;gewascode;7126;50;178;Agrarisch grasland (+ groenbemesters);"Overige gewassen uit rij 50/178 van tabel 5. Agrarisch gras (265, 266) staat apart vanwege de buitendijkse uitzondering.; Overige gras, groenbemesting, vanggewas; Notitie p. 9, tabel 5";
mapping;;BRP;brp_gewas;gewascode;331;54;182;Overig gras/natuur (geen schade);"Grasland, natuurlijk. Met landbouwactiviteiten.; Notitie p. 9, tabel 5";
mapping;;BRP;brp_gewas;gewascode;332;54;182;Overig gras/natuur (geen schade);"Grasland, natuurlijk. Hoofdfunctie natuur.; Notitie p. 9, tabel 5";
mapping;;BRP;brp_gewas;gewascode;335;54;182;Overig gras/natuur (geen schade);"Natuurterreinen (incl. heide); Notitie p. 9, tabel 5";
mapping;;BRP;brp_gewas;gewascode;338;54;182;Overig gras/natuur (geen schade);"Rand, liggend op bouwland en direct grenzend aan bos. Geen landbouwproductie.; Notitie p. 9, tabel 5";
mapping;;BRP;brp_gewas;gewascode;863;54;182;Overig gras/natuur (geen schade);"Bos zonder herplantplicht; Notitie p. 9, tabel 5";
mapping;;BRP;brp_gewas;gewascode;1926;54;182;Overig gras/natuur (geen schade);"Agrarisch natuurmengsel; Notitie p. 9, tabel 5";
mapping;;BRP;brp_gewas;gewascode;1936;54;182;Overig gras/natuur (geen schade);"Bos, blijvend, met herplantplicht; Notitie p. 9, tabel 5";
mapping;;BRP;brp_gewas;gewascode;1940;54;182;Overig gras/natuur (geen schade);"Voedselbos; Notitie p. 9, tabel 5";
mapping;;BRP;brp_gewas;gewascode;2300;54;182;Overig gras/natuur (geen schade);"Onbeteelde grond vanwege een teeltverbod/ontheffing; Notitie p. 9, tabel 5";
mapping;;BRP;brp_gewas;gewascode;2617;54;182;Overig gras/natuur (geen schade);"Boomgroep; Notitie p. 9, tabel 5";
mapping;;BRP;brp_gewas;gewascode;2618;54;182;Overig gras/natuur (geen schade);"Windhaag, in een perceel fruitteelt; Notitie p. 9, tabel 5";
mapping;;BRP;brp_gewas;gewascode;2619;54;182;Overig gras/natuur (geen schade);"Bossingel; Notitie p. 9, tabel 5";
mapping;;BRP;brp_gewas;gewascode;2620;54;182;Overig gras/natuur (geen schade);"Poel en klein historisch water; Notitie p. 9, tabel 5";
mapping;;BRP;brp_gewas;gewascode;2621;54;182;Overig gras/natuur (geen schade);"Houtwal en houtsingel; Notitie p. 9, tabel 5";
mapping;;BRP;brp_gewas;gewascode;2622;54;182;Overig gras/natuur (geen schade);"Elzensingel; Notitie p. 9, tabel 5";
mapping;;BRP;brp_gewas;gewascode;2624;54;182;Overig gras/natuur (geen schade);"Knip- of scheerheg; Notitie p. 9, tabel 5";
mapping;;BRP;brp_gewas;gewascode;2625;54;182;Overig gras/natuur (geen schade);"Struweelhaag; Notitie p. 9, tabel 5";
mapping;;BRP;brp_gewas;gewascode;2626;54;182;Overig gras/natuur (geen schade);"Laan; Notitie p. 9, tabel 5";
mapping;;BRP;brp_gewas;gewascode;2628;54;182;Overig gras/natuur (geen schade);"Hoogstamboomgaard; Notitie p. 9, tabel 5";
mapping;;BRP;brp_gewas;gewascode;2629;54;182;Overig gras/natuur (geen schade);"Struweelrand; Notitie p. 9, tabel 5";
mapping;;BRP;brp_gewas;gewascode;2630;54;182;Overig gras/natuur (geen schade);"Hakhoutbosje; Notitie p. 9, tabel 5";
mapping;;BRP;brp_gewas;gewascode;2631;54;182;Overig gras/natuur (geen schade);"Griendje; Notitie p. 9, tabel 5";
mapping;;BRP;brp_gewas;gewascode;2634;54;182;Overig gras/natuur (geen schade);"Natuurvriendelijke oever; Notitie p. 9, tabel 5";
mapping;;BRP;brp_gewas;gewascode;2636;54;182;Overig gras/natuur (geen schade);"Leibomen; Notitie p. 9, tabel 5";
mapping;;BRP;brp_gewas;gewascode;2637;54;182;Overig gras/natuur (geen schade);"Schurvelingen en zandwallen; Notitie p. 9, tabel 5";
mapping;;BRP;brp_gewas;gewascode;2638;54;182;Overig gras/natuur (geen schade);"Niet aangetroffen in lokale BRP-2025; naam niet ingevuld; Notitie p. 9, tabel 5";
mapping;;BRP;brp_gewas;gewascode;2639;54;182;Overig gras/natuur (geen schade);"Water, overig; Notitie p. 9, tabel 5";
mapping;;BRP;brp_gewas;gewascode;2642;54;182;Overig gras/natuur (geen schade);"Bosje; Notitie p. 9, tabel 5";
mapping;;BRP;brp_gewas;gewascode;3801;54;182;Overig gras/natuur (geen schade);"Tijdelijk onbeteelde grond, i.v.m. publieke werken; Notitie p. 9, tabel 5";
mapping;;BRP;brp_gewas;gewascode;3802;54;182;Overig gras/natuur (geen schade);"Tijdelijk onbeteelde grond, anders dan voor publieke werken; Notitie p. 9, tabel 5";
mapping;;BRP;brp_gewas;gewascode;3805;54;182;Overig gras/natuur (geen schade);"Rietzwenkgras, industriegras; Notitie p. 9, tabel 5";
mapping;;BRP;brp_gewas;gewascode;6522;54;182;Overig gras/natuur (geen schade);"Riet; Notitie p. 9, tabel 5";
mapping;;BRP;brp_gewas;gewascode;6793;54;182;Overig gras/natuur (geen schade);"Graften; Notitie p. 9, tabel 5";
mapping;;BRP;brp_gewas;gewascode;6798;54;182;Overig gras/natuur (geen schade);"Perceel bedekt met gewasresten (mulching); Notitie p. 9, tabel 5";
mapping;;BRP;brp_gewas;gewascode;6800;54;182;Overig gras/natuur (geen schade);"Ruigtes op landbouwpercelen; Notitie p. 9, tabel 5";
mapping;;BRP;brp_gewas;gewascode;6801;54;182;Overig gras/natuur (geen schade);"Schouwpad; Notitie p. 9, tabel 5";
mapping;;BRP;brp_gewas;gewascode;6807;54;182;Overig gras/natuur (geen schade);"Stroken wild gras; Notitie p. 9, tabel 5";
mapping;;BRP;brp_gewas;gewascode;6808;54;182;Overig gras/natuur (geen schade);"Tuunwallen; Notitie p. 9, tabel 5";
mapping;;BRP;brp_gewas;gewascode;6809;54;182;Overig gras/natuur (geen schade);"Voederhaag; Notitie p. 9, tabel 5";
mapping;;BRP;brp_gewas;gewascode;7127;54;182;Overig gras/natuur (geen schade);"Rietland; Notitie p. 9, tabel 5";
mapping;;BRP;brp_gewas;gewascode;7128;54;182;Overig gras/natuur (geen schade);"Niet aangetroffen in lokale BRP-2025; naam niet ingevuld; Notitie p. 9, tabel 5";
mapping;;BRP;brp_gewas;gewascode;343;54;182;Overig gras/natuur (geen schade);"BGT-water gaat voor op het BRP-perceel.; Sloot; Notitie p. 9, tabel 5";
mapping;;BRP;brp_gewas;gewascode;*;53;181;Overige land- en tuinbouwgewassen;"Overige gewassen volgens de notitie.; Ook codes uit toekomstige BRP-versies; Notitie p. 9";
mapping;;BGT;bgt_wegdeel;bgt-functie;baan voor vliegverkeer;70;198;Vliegvelden;Notitie p. 10, tabel 6;
mapping;;BGT;bgt_wegdeel;bgt-functie;overweg;71;199;Spoorwegen;Notitie p. 10, tabel 6;
mapping;;BGT;bgt_wegdeel;bgt-functie;spoorbaan;71;199;Spoorwegen;Notitie p. 10, tabel 6;
mapping;;BGT;bgt_wegdeel;bgt-functie;rijbaan autosnelweg;72;200;Snelwegen;Notitie p. 10, tabel 6;
mapping;;BGT;bgt_wegdeel;bgt-functie;rijbaan autoweg;72;200;Snelwegen;Notitie p. 10, tabel 6;
mapping;;BGT;bgt_wegdeel;bgt-functie;rijbaan regionale weg;73;201;Regionale wegen;Notitie p. 10, tabel 6;
mapping;;BGT;bgt_wegdeel;bgt-functie;rijbaan lokale weg;74;202;Lokale wegen;Notitie p. 10, tabel 6;
mapping;;BGT;bgt_wegdeel;bgt-functie;OV-baan;74;202;Lokale wegen;Notitie p. 10, tabel 6;
mapping;;BGT;bgt_wegdeel;bgt-functie;fietspad;75;203;Overige wegdelen;Notitie p. 10, tabel 6;
mapping;;BGT;bgt_wegdeel;bgt-functie;inrit;75;203;Overige wegdelen;Notitie p. 10, tabel 6;
mapping;;BGT;bgt_wegdeel;bgt-functie;parkeervlak;75;203;Overige wegdelen;Notitie p. 10, tabel 6;
mapping;;BGT;bgt_wegdeel;bgt-functie;voetgangersgebied;75;203;Overige wegdelen;Notitie p. 10, tabel 6;
mapping;;BGT;bgt_wegdeel;bgt-functie;voetpad;75;203;Overige wegdelen;Notitie p. 10, tabel 6;
mapping;;BGT;bgt_wegdeel;bgt-functie;voetpad op trap;75;203;Overige wegdelen;Notitie p. 10, tabel 6;
mapping;;BGT;bgt_wegdeel;bgt-functie;woonerf;75;203;Overige wegdelen;Notitie p. 10, tabel 6;
mapping;;BGT;bgt_wegdeel;bgt-functie;ruiterpad;78;206;Bermen, overig gras, bos, natuur;Notitie p. 10, tabel 6;
mapping;;BGT;bgt_ondersteunendwegdeel;bgt-functie;verkeerseiland;75;203;Overige wegdelen;Notitie p. 10, tabel 6;
mapping;;BGT;bgt_ondersteunendwegdeel;bgt-functie;berm;78;206;Bermen, overig gras, bos, natuur;Notitie p. 10, tabel 6;
mapping;;BGT;bgt_begroeidterreindeel;bgt-fysiekVoorkomen;duin;78;206;Bermen, overig gras, bos, natuur;Notitie p. 10, tabel 6;
mapping;;BGT;bgt_begroeidterreindeel;bgt-fysiekVoorkomen;gemengd bos;78;206;Bermen, overig gras, bos, natuur;Notitie p. 10, tabel 6;
mapping;;BGT;bgt_begroeidterreindeel;bgt-fysiekVoorkomen;grasland overig;78;206;Bermen, overig gras, bos, natuur;Notitie p. 10, tabel 6;
mapping;;BGT;bgt_begroeidterreindeel;bgt-fysiekVoorkomen;groenvoorziening;78;206;Bermen, overig gras, bos, natuur;Notitie p. 10, tabel 6;
mapping;;BGT;bgt_begroeidterreindeel;bgt-fysiekVoorkomen;heide;78;206;Bermen, overig gras, bos, natuur;Notitie p. 10, tabel 6;
mapping;;BGT;bgt_begroeidterreindeel;bgt-fysiekVoorkomen;houtwal;78;206;Bermen, overig gras, bos, natuur;Notitie p. 10, tabel 6;
mapping;;BGT;bgt_begroeidterreindeel;bgt-fysiekVoorkomen;kwelder;78;206;Bermen, overig gras, bos, natuur;Notitie p. 10, tabel 6;
mapping;;BGT;bgt_begroeidterreindeel;bgt-fysiekVoorkomen;loofbos;78;206;Bermen, overig gras, bos, natuur;Notitie p. 10, tabel 6;
mapping;;BGT;bgt_begroeidterreindeel;bgt-fysiekVoorkomen;moeras;78;206;Bermen, overig gras, bos, natuur;Notitie p. 10, tabel 6;
mapping;;BGT;bgt_begroeidterreindeel;bgt-fysiekVoorkomen;naaldbos;78;206;Bermen, overig gras, bos, natuur;Notitie p. 10, tabel 6;
mapping;;BGT;bgt_begroeidterreindeel;bgt-fysiekVoorkomen;rietland;78;206;Bermen, overig gras, bos, natuur;Notitie p. 10, tabel 6;
mapping;;BGT;bgt_begroeidterreindeel;bgt-fysiekVoorkomen;struiken;78;206;Bermen, overig gras, bos, natuur;Notitie p. 10, tabel 6;
mapping;;BGT;bgt_begroeidterreindeel;bgt-fysiekVoorkomen;grasland agrarisch;50;182;Agrarisch grasland (+ groenbemesters);"BGT-gras vult de BRP-landbouwpercelen aan.; Aanvulling op BRP-gras; Notitie p. 9, tabel 5";
mapping;;BGT;bgt_onbegroeidterreindeel;;*;76;204;Erf;"Nog bevestigen: welke onbegroeide terreindelen als erf meetellen.; Onbegroeid terreindeel; Notitie p. 10, tabel 6";
mapping;;BGT;bgt_waterdeel;;*;100;228;Water;"Waterdeel; Notitie p. 10, tabel 6";
